"id","first_blood_time","radiant_gold_advantage","radiant_experience_advantage","radiant_win","min_radiant_gold_advantage","max_radiant_gold_advantage","mean_radiant_gold_advantage","std_dev_radiant_gold_advantage","final_radiant_gold_advantage","min_radiant_experience_advantage","max_radiant_experience_advantage","mean_radiant_experience_advantage","std_dev_radiant_experience_advantage","final_radiant_experience_advantage"
7987636263,0,"{896,914,222,-294,-562,-2628,-3018,-5714,-8194,-8158,-10278,-16670,-18608,-20264,-22482,-28182,-39220}","{198,198,25,-346,-1581,-3445,-3572,-6685,-8485,-7963,-9371,-15496,-18826,-19389,-22100,-19454,-23297}",false,-39220,914,-10720.00000,11399.49295,-39220,-23297,198,-9387.58824,8321.39375,-23297
7987636205,94,"{0,1268,2628,3638,5166,5712,6753,5849,9675,11457,12760,15711,20311,22305,23833,28027,36427,39443}","{0,128,531,1763,3476,3170,3370,2715,10030,8960,10525,9842,15058,11112,7743,5955,12049,13298}",true,0,39443,13942.38889,11649.09714,39443,0,15058,6651.38889,4738.15984,13298
7987635337,0,"{1008,2064,3168,2944,2384,582,2352,-448,240,-1612,-6730,-7636,-14002,-18196,-17064,-16446,-18328,-30066,-48638}","{200,-44,350,111,40,-2331,-1372,-4131,-2016,-3970,-11024,-11182,-22231,-25538,-14751,-11937,-13516,-26300,-50496}",false,-48638,3168,-8653.89474,13403.49577,-48638,-50496,350,-10533.57895,12801.08947,-50496
7987631581,78,"{0,-994,-1900,-2356,-1066,-1034,-1006,1798,2848,6980,6966,10586,17932,28868,31512,41290}","{0,-273,100,-1537,1114,1154,1381,5527,2551,6305,7250,10868,27422,34780,21754,45925}",true,-2356,41290,8776.50000,13356.59069,41290,-1537,45925,10270.06250,13943.59337,45925
7987630722,94,"{0,-320,-70,118,-560,-664,-1308,-2370,-810,-4216,676,5702,3548,7762,16134,21204,20594,30754,40128,41442}","{0,58,360,266,-863,-848,-1868,-2355,-858,-5159,1175,8747,2938,11329,24364,32431,28428,46371,60329,49653}",true,-4216,41442,8887.20000,14071.82853,41442,-5159,60329,12724.90000,19651.03730,49653
7987629530,73,"{250,-301,-4,133,12,-380,-1256,-2662,-3457,-4507,-5688,-7223,-8856,-9934,-12153,-16993,-17639}","{0,13,-48,-63,6,-503,-1441,-3106,-2533,-3308,-5578,-6980,-8795,-9928,-12455,-14250,-13352}",false,-17639,250,-5332.82353,5775.25073,-17639,-14250,13,-4842.41176,4987.79157,-13352
7987628694,0,"{448,680,1026,1075,1636,1659,1908,3183,3930,4118,4921,4678,5497,7914,9263,10027,11059,9666,10199,12137,16471,21107}","{99,365,558,529,1143,1429,1765,3076,3806,4952,5084,4976,5939,8453,9264,8218,8983,6608,6729,6054,10854,13939}",true,448,21107,6481.90909,5390.61762,21107,99,13939,5128.31818,3730.46761,13939
7987627513,115,"{0,374,646,986,698,-460,-3404,-4462,-4103,-8829,-12763,-19315,-20339,-21135,-25703,-29205,-25853,-18407,-23075}","{0,-330,3,-413,300,-1353,-1922,-5794,-5299,-13655,-19922,-21661,-20473,-24999,-29138,-28827,-24848,-11752,-32406}",false,-29205,986,-11281.52632,10661.98479,-23075,-32406,300,-12762.57895,11596.49942,-32406
7987627476,69,"{0,-970,-1892,-1940,-3702,-2610,-2698,-4212,-12304,-14776,-20224,-21572,-24296,-23800,-27904,-31058,-31928,-30182,-32316,-40848,-42522,-47912}","{0,-123,-1278,-1746,-2435,-777,-2541,-4141,-12421,-17576,-21133,-21572,-28855,-25753,-36984,-40864,-33588,-36374,-35454,-55411,-30469,-50684}",false,-47912,0,-19075.72727,14983.85297,-47912,-55411,0,-20917.22727,17312.16449,-50684
7987627072,3,"{0,252,434,2120,2096,2750,2772,4804,4212,6956,4900,-30,-2966,-1830,-7564,-6070,-9804,-15188,-18410,-21436}","{0,86,308,1485,1358,1872,3498,5822,5198,13671,7007,2761,583,6131,-7381,-1345,-6068,-16282,-30571,-35152}",false,-21436,6956,-2600.10000,7854.36428,-21436,-35152,13671,-2350.95000,11790.41040,-35152
7987627058,3,"{0,-29,-94,286,1018,1562,1669,1274,2459,3474,4811,5659,6201,7289,8477,9403,10209,11389,13903,15851,19244,21203}","{0,122,-192,74,716,984,1260,1573,3753,4088,4308,4721,4982,6583,6852,8830,9668,11739,12551,13796,14845,14575}",true,-94,21203,6602.63636,6297.23280,21203,-192,14845,5719.45455,5056.89100,14575
7987626200,1,"{0,-170,-938,-574,1330,2342,-52,-564,328,-1480,-4828,-646,-1046,-2244,-1764,-598,-2612,-250,-1300,-2030,432,8834,6844,4362,216,12614}","{0,248,-650,-883,1234,2194,536,-101,-549,-595,-1631,3685,2279,15,4599,3680,2145,7105,4340,4570,10655,33012,15877,13863,9020,38634}",true,-4828,12614,623.30769,3670.48808,12614,-1631,38634,5895.46154,9761.27257,38634
7987626183,84,"{0,-766,-1448,-2900,-2252,-3472,-7300,-5880,-7494,-5530,2488,-1074,3536,10732,13120,19750,20018,34276}","{0,-27,179,-1532,-284,-1845,-6364,-8206,-11455,-9924,3973,-620,11305,20112,24557,36337,22231,38685}",true,-7494,34276,3655.77778,11143.12051,34276,-11455,38685,6506.77778,14988.80042,38685
7987625940,174,"{0,142,-106,990,116,256,-974,-1238,3522,1014,744,1406,2500,3156,3424,1942,3248,1668,-5592,-19162,-32310,-36624}","{0,126,-344,882,334,791,1384,2158,4522,629,-667,1302,817,-233,1183,-3900,-2706,-5117,-31875,-60926,-76957,-63830}",false,-36624,3522,-3267.18182,10899.20714,-36624,-76957,4522,-10564.86364,23694.19347,-63830
7987625135,4,"{0,-808,-596,802,-92,-608,-1294,-3426,-5448,-2880,-3720,-2284,-7380,-11236,-9952,-948,6180,10292,16342,14058,24662,18478,11706,10856,23478}","{0,-103,-449,410,5,-737,-1073,-2912,-6222,-1877,-1185,5631,-5897,-12911,-10950,9607,24715,21625,34718,26295,64178,44824,32555,31833,39135}",true,-11236,24662,3447.28000,9839.89325,23478,-12911,64178,11648.60000,19814.42202,39135
7987624876,8,"{-100,-163,-162,-656,-171,833,1857,1646,3105,3490,2716,3982,4714,6880,7429}","{-68,-157,-161,-434,-168,660,1679,1258,2396,2743,2737,3225,4217,6553,8839}",true,-656,7429,2360.00000,2498.40464,7429,-434,8839,2221.26667,2596.25465,8839
7987624541,0,"{1086,1090,314,1242,2012,4884,6242,7038,9394,13792,9062,9821,12397,19676,15020,20026,26542,29326,28746,30398,42670}","{200,233,-206,1045,2699,5661,6652,6801,8557,13661,1000,1536,4763,17594,11707,10570,23707,17309,12796,15995,36688}",true,314,42670,13846.57143,11658.28915,42670,-206,36688,9474.66667,9043.11376,36688
7987624393,8,"{0,-186,14,-196,-772,1136,2842,3656,5083,8167,10882,7050,6090,8284,7948,1020,3474,4894,-3838,-6194,-6550,-16242,-9616,5462,7240,12768,13332,15064}","{0,-4,316,577,-483,735,3912,3627,3561,5778,8396,2664,2038,4956,3748,-9240,3179,-441,-31624,-28867,-23450,-47455,-25696,-8801,-9604,560,-2,4741}",true,-16242,15064,2886.14286,6966.69776,15064,-47455,8396,-4888.53571,13510.12073,4741
7987623767,12,"{0,1688,1920,756,738,1326,372,-222,-640,-659,-313,63,-4831,-7733,-11555,-11377,-13657,-14071,-19939,-21469,-24993}","{0,46,-103,-1100,-906,14,825,408,857,-1091,-635,-708,-7794,-8335,-11930,-5426,-12747,-11302,-6849,-7683,-8855}",false,-24993,1920,-5933.14286,8409.25863,-24993,-12747,857,-3967.33333,4638.04259,-8855
7987622921,188,"{0,710,144,-822,-2908,-4286,-4856,-10168,-14042,-13984,-16542,-19330,-11728,-16524,-19888,-22320,-27612,-39464}","{0,228,109,-1217,-2431,-3086,-4274,-8043,-12516,-11135,-10769,-14488,-4144,-10202,-23170,-18789,-21832,-59240}",false,-39464,710,-12423.33333,10648.52616,-39464,-59240,228,-11388.83333,13680.66430,-59240
7987622859,137,"{0,-79,196,1044,555,903,1532,371,1364,1859,1682,2026,3404,4349,4077,4977,4995,4025,2645,4153,3747,6697,7722}","{0,-78,302,734,183,225,690,-505,503,1274,1328,1608,2645,4805,4876,6118,6262,5544,3970,6665,7101,10425,13995}",true,-79,7722,2706.26087,2130.02376,7722,-505,13995,3420.43478,3700.62814,13995
7987622140,142,"{0,-348,-422,-954,-2676,-3486,-4762,-4108,-2652,-1644,-2252,3364,1154,1174,1830,7166,3912,8014,9206,12206,14136,25048,28574,21184,24970,27388}","{0,20,-307,-930,-2809,-3739,-6174,-5628,-4902,-4510,-9489,-49,-5241,-6578,-4616,6804,-229,7311,6377,9752,11245,24972,14843,10810,14135,16397}",true,-4762,28574,6385.46154,10493.24758,27388,-9489,24972,2594.80769,8627.92773,16397
7987621577,0,"{-599,-1489,-1837,-2092,-2233,-2135,-2721,-4144,-5994,-5382,-4787,-5772,-8105,-10639,-12834,-13956,-13789,-14788,-16459,-20324,-21175,-24814,-30031,-34033}","{-97,-107,-369,-702,-451,-667,-824,-1193,-1652,-974,-50,-581,-3449,-4867,-7952,-7657,-7649,-8583,-10017,-14630,-15522,-19246,-18539,-19821}",false,-34033,-599,-10838.83333,9357.29038,-34033,-19821,-50,-6066.62500,6695.86542,-19821
7987621254,0,"{-573,-608,-198,149,28,184,268,176,592,1349,2114,3027,5763,6891,8825,9955,11110,13356,15697,15489,16470,19857,22340,26525}","{-100,-66,256,525,442,664,316,869,1614,2494,2731,3838,8570,9487,12202,14051,16327,20080,23103,21880,23116,28185,30710,32814}",true,-608,26525,7449.41667,8162.05770,26525,-100,32814,10587.83333,10960.23393,32814
7987621037,0,"{583,652,815,843,622,1322,1299,1014,1499,2054,2502,5611,5753,6920,8850,9498,10828,12371,13970,14454,14775,17216,20084}","{100,306,178,169,234,1060,1407,1499,1945,2854,3346,6545,6227,8787,11300,15018,16512,16451,17514,16981,17276,19266,21443}",true,583,20084,6675.43478,6144.02816,20084,100,21443,8105.13043,7511.21558,21443
7987620819,0,"{1106,676,1000,670,-796,-470,906,1002,-624,1332,4000,6580,8233,8191,12337,14837,16931,20225,23565,27007,34635,45923,50699,59001,63057,71851,73371}","{200,-151,90,-613,-1401,-2045,-1950,-1527,-3345,-1265,703,5689,10650,9852,12034,14882,14067,23348,35832,35154,53758,75550,74397,73931,80963,92311,93346}",true,-796,73371,20194.25926,23902.67767,73371,-3345,93346,25720.74074,33011.84106,93346
7987620756,106,"{0,-76,-1290,-628,754,888,1026,-1734,-1162,-1482,-3406,1734,3012,-932,452,1370,8346,9702,13602,17336,20950,12084,10208,8070,15488,15234,28260,31598,37026}","{0,102,-562,-166,1606,1912,2848,659,670,87,-3658,4622,6547,-1086,9368,10579,24848,22049,30458,28509,28357,839,2694,-910,17111,13038,22518,26576,28484}",true,-3406,37026,7807.93103,10688.75558,37026,-3658,30458,9589.62069,11404.15745,28484
7987620733,211,"{0,146,676,448,3062,3274,4616,5298,10416,12236,11936,12242,13180,17354,17966,14638,18312,20340,17994,9706,10168,4748,-1484,-1414,-4468,-10572,-26444,-29252}","{0,240,844,24,1306,1940,2640,4487,10511,11768,12308,15595,15734,18289,15207,23656,23981,23381,10740,-10659,-6230,-21977,-32683,-32069,-33278,-51229,-72013,-79140}",false,-29252,20340,4825.78571,11898.99955,-29252,-79140,23981,-5236.67857,27013.24868,-79140
7987620345,18,"{0,-1048,-1568,-1902,-4736,-6436,-6752,-8488,-11620,-10244,-12490,-19478,-28752,-37700,-43818,-45892,-28006,-28648,-26714}","{0,-849,-276,-569,-2299,-3027,-4465,-6761,-10500,-10275,-14151,-20276,-26274,-27639,-27016,-20770,2397,-13819,-22175}",false,-45892,0,-17068.00000,14548.90964,-26714,-27639,2397,-10986.52632,10049.80470,-22175
7987620094,66,"{0,-740,-1668,-752,-498,-384,760,1470,-1838,-5152,-7462,-4550,-6768,-8874,-13792,-17922,-21838,-25616,-33842,-38788,-36692,-38866,-56442}","{0,-480,-815,-782,-432,-1270,1194,1421,-4756,-10093,-12805,-8538,-11568,-13665,-22343,-32068,-35524,-43459,-59005,-65107,-53764,-46024,-79136}",false,-56442,1470,-13924.08696,16306.16965,-56442,-79136,1421,-21696.47826,24255.61337,-79136
7987619914,39,"{100,-417,-22,59,271,1218,1407,1449,3259,4311,4456,6925,8810,12613}","{69,79,535,580,350,1113,1001,1642,1951,3870,4756,8512,9265,11079}",true,-417,12613,3174.21429,3765.31532,12613,69,11079,3200.14286,3632.80399,11079
7987619704,26,"{-250,-1214,-1038,-536,-84,920,960,6126,8292,11104,15254,16398,11290,14794,16702,13374,13230,14266,8276,9024,11202,12798,5734,246,5922,18346}","{0,52,185,1163,726,2058,3315,10052,12980,16711,21307,10681,879,5555,10791,3719,7038,8939,-6406,-5800,408,1285,-21606,-28735,1077,12877}",true,-1214,18346,8120.61538,6348.12820,18346,-28735,21307,2663.50000,10334.55979,12877
7987618853,0,"{-348,857,1626,1615,1666,2200,3217,3140,4518,3180,5012,6350,7255,7945,7674,8299,10800,10806,11457,14442,16042,18486,22816}","{-100,429,712,353,1058,1169,1890,1227,3703,2637,4044,4566,6098,6244,5139,5752,7503,7272,8365,10939,10410,9799,12597}",true,-348,22816,7350.21739,5984.47868,22816,-100,12597,4861.13043,3731.80620,12597
7987618589,13,"{0,508,-280,196,912,770,1116,-1070,-3568,-2200,-2104,-1020,-716,1808,4242,10306,12142,18318,20742,28926}","{0,244,-855,-396,-278,-299,674,-1383,-2826,-813,-1495,-758,-3620,3696,8563,12790,15369,21517,20845,30821}",true,-3568,28926,4451.40000,8685.73408,28926,-3620,30821,5089.80000,9602.41111,30821
7987618525,0,"{-516,-375,-226,522,311,506,443,1951,2059,1796,2059,2284,3693,5693,6354,7141,7832,8856,10813,11100,12563,12320,13223,13993,15262,15623,16322,22115}","{-100,-12,485,893,1002,1407,1738,3266,3375,3075,3531,4597,5687,7567,8203,8243,10551,11890,15168,17087,19416,18272,18598,22194,23182,21955,22609,28421}",true,-516,22115,6918.46429,6301.50036,22115,-100,28421,10082.14286,8687.41356,28421
7987618337,49,"{0,2042,538,542,-928,1982,1172,1044,4772,9608,11184,8524,7656,11982,20830,33066,31836,27454}","{0,682,-782,-1365,-3271,-925,-1333,-3340,3908,8570,9976,3281,2868,11542,31720,43531,33003,-1637}",true,-928,33066,9628.00000,10936.54957,27454,-3340,43531,7579.33333,13594.98349,-1637
7987618159,267,"{0,-433,-323,-403,-428,-304,243,204,643,1623,1614,1874,2597,2314,3840,3949,4033,5949,6159,6324,7049,6952,8480,9009,9209,15819}","{0,-117,111,111,-55,34,842,389,858,1805,1883,2256,2594,3291,5632,4324,5891,7612,6533,7002,9569,9060,11646,11765,10905,17783}",true,-433,15819,3692.03846,3989.13850,15819,-117,17783,4681.69231,4718.36163,17783
7987617891,14,"{0,-836,-572,1334,-256,1286,4136,10402,10000,11718,12422,17046,18802,21186,22526,24460,23762,25842,40390,49480}","{0,211,-141,1048,1849,2141,5214,10047,8431,9952,9826,18587,16125,16920,18742,23051,12499,28395,58874,63382}",true,-836,49480,14656.40000,13667.39506,49480,-141,63382,15257.65000,17274.78893,63382
7987617356,0,"{-440,-1674,-2161,-2341,-3439,-3979,-3831,-4013,-3843,-4999,-5039,-4198,-2325,-2127,-4048,-3276,-4638,-6067,-5985,-4308,-4755,-7572,-9282,-8725,-8213,-7766,-10661,-12010,-17205}","{-99,-105,-241,-594,-1192,-1632,-2066,-2812,-3006,-4522,-4762,-5192,-3433,-3488,-6192,-3644,-6514,-7862,-7459,-3516,-3183,-7628,-7451,-7364,-6169,-8463,-12216,-16720,-19922}",false,-17205,-440,-5480.00000,3509.22002,-17205,-19922,-99,-5429.20690,4557.02819,-19922
7987617046,78,"{0,980,2812,3612,1938,724,1180,3344,-2410,-4092,-6950,-7730,-6352,-10142,1126,3032,7124,8762,12836,18810,36894}","{0,274,796,1684,-32,-2275,-2620,-2091,-6933,-9057,-12551,-13166,-8508,-17724,3910,5762,7235,7468,14490,24002,47047}",true,-10142,36894,3118.95238,10061.78789,36894,-17724,47047,1795.76190,13724.86853,47047
7987616983,140,"{0,148,-158,-676,-1310,-1969,-2285,-2968,-3396,-2964,-3297,-3547,-1888,-1483,-3542,-5522,-6219,-9041,-10860,-12712,-15011,-19730,-20697,-24246}","{0,22,-318,111,-204,-1067,-1031,-1583,-1349,-1441,-2255,-1221,369,-650,-1464,-4226,-5177,-9281,-12443,-13502,-15222,-18749,-17035,-22646}",false,-24246,148,-6390.54167,6962.24865,-24246,-22646,369,-5431.75000,6964.61186,-22646
7987616451,0,"{-1189,-1325,-1032,-957,-1486,-2344,-1455,-1996,-2716,-1554,-1579,-2337,-2761,-1970,-1477,-376,-3624,-2800,-2882,-2643,-4803,-5402,-7507,-9409,-12642,-12893,-16453}","{-200,-269,-353,-483,-592,-1549,-952,-1717,-2400,-1327,-784,-1679,-2105,-1033,-633,338,-3412,-3522,-3778,-4173,-6413,-8299,-9892,-11008,-16700,-17185,-17785}",false,-16453,-376,-3985.62963,4090.53034,-16453,-17785,338,-4366.85185,5390.14915,-17785
7987616223,8,"{0,506,318,817,1117,1224,1461,2346,2605,2994,3139,4167,3737,4672,5260,6657,6565,7023,7536,10042,11351,13440,14442,16569,16604,16951,19556,21416,19883,21516,24441}","{0,259,-15,523,953,744,806,1612,2079,2382,2507,4253,4349,5117,5383,7411,7788,8679,9301,12230,12264,16462,16045,17453,17882,17768,19983,17061,16901,22441,30322}",true,0,24441,8656.61290,7495.13658,24441,-15,30322,9062.67742,8056.98432,30322
7987615181,26,"{-250,1218,-388,-642,-1778,-2112,-1050,-1568,-1300,-2581,-2353,-4209,-6211,-13473,-4657,-7077,-11765,-12511,-19741,-22367,-11389,-7815,-15303,-31825}","{0,420,-1301,-1674,-2775,-2544,-2071,-2687,-3456,-3407,-2927,-6145,-6649,-18189,4307,-6503,-11597,-9068,-32817,-33088,-6626,4999,-25851,-43475}",false,-31825,1218,-7547.79167,8145.12032,-31825,-43475,4999,-8880.16667,12347.87143,-43475
7987615060,56,"{0,-1852,-2282,-3172,-2550,-4272,-6266,-4648,-6312,-8236,-11238,-19248,-20862,-23004,-25154,-28890,-30782,-24974,-18990,-18886,-19858,-25880,-32650,-33390,-31722,-28222,-31882}","{0,-531,-1140,-1373,-116,-876,-2977,-1685,-3192,-9515,-11236,-24212,-21002,-26793,-27454,-31524,-31675,-20956,-9883,-6326,-11758,-32989,-41672,-35665,-44446,-29170,-46296}",false,-33390,0,-17230.44444,11348.58671,-31882,-46296,0,-17572.66667,15132.61431,-46296
7987615014,205,"{0,36,331,314,434,376,1161,527,63,713,819,124,-837,-741,-951,-1479,-2257,-4644,-5443,-6585,-7713,-9928,-11913,-12522,-12733,-15494,-17080,-17444,-18940,-19642,-24003,-27527,-25763,-31444}","{0,-58,70,-140,-455,-513,-79,-399,-1842,-1663,-1136,-2874,-2863,-2369,-2862,-4023,-4888,-8527,-9640,-10168,-11288,-15388,-15550,-16688,-14293,-19735,-20498,-21159,-21659,-24155,-30327,-31283,-27524,-38413}",false,-31444,1161,-7946.61765,9619.45707,-31444,-38413,70,-10658.50000,10867.03733,-38413
7987615012,0,"{558,402,520,418,259,1699,1980,2994,2010,2716,3130,2997,3128,6126,6916,6201,8936,10025,9813,10572,13242,13108,13550,14847,17297,19349,25587}","{100,269,167,-22,-6,1056,1617,2317,1546,2047,2341,2356,2643,5386,5696,6343,9293,10551,11049,10539,14374,14258,16698,19864,20115,22231,22699}",true,259,25587,7347.40741,6641.21391,25587,-22,22699,7612.11111,7451.60255,22699
7987614875,0,"{563,1561,1683,2420,3209,3902,3974,4627,6881,7425,7348,8113,9816,10829,13114,14639,14254,16414,20464}","{100,383,312,1214,2534,2813,3449,3905,6029,6281,5574,5947,7991,9672,10416,10432,9475,11722,14242}",true,563,20464,7959.78947,5543.71730,20464,100,14242,5920.57895,4130.56412,14242
7987614567,1,"{0,782,696,1826,1402,1794,7140,7668,7224,9836,12706,13668,12556,13968,19896,24040,22736,26098,29468,39526,28570,28934,34484}","{0,299,291,1103,168,1039,6955,8897,6529,9151,11621,12823,12031,14407,22942,33679,31641,31801,45305,63206,52720,53592,66067}",true,0,39526,15000.78261,11866.72162,34484,0,66067,21142.04348,21228.01567,66067
7987614424,57,"{0,1048,2252,1884,540,1258,952,2232,4540,5086,5996,5512,6611,547,-4549,-12533}","{0,-24,769,67,-1563,-128,-1332,-4442,-6724,-7158,-8800,-12993,-14131,-24819,-31513,-38531}",false,-12533,6611,1336.00000,4496.59869,-12533,-38531,769,-9457.62500,11804.38710,-38531
7987614315,15,"{0,689,833,568,115,512,655,1681,2818,2205,2023,4548,6077,6039,7069,8270,8893,10253,11802,9248,10489,10263,9700,11892,12158,12848,15300,16744,19563,22878}","{0,291,416,277,-45,211,693,1761,2691,2032,1501,3308,3754,3641,5495,7214,8804,11007,12128,8768,10378,10299,9407,12276,12889,14868,16524,19375,20407,30802}",true,0,22878,7537.76667,6118.71520,22878,-45,30802,7705.73333,7378.31455,30802
7987614197,5,"{0,-556,160,-72,466,1098,890,564,2582,1974,1880,4210,8832,10044,10002,17846,17544,23318,29490,25172,27624,26382,31868,32698,26648,31012,38492}","{0,504,733,361,1419,2059,2381,2199,4260,4108,5968,11967,18685,18000,14723,37527,26254,44101,49092,29834,38595,33350,61484,57132,40098,67262,70780}",true,-556,38492,13709.92593,13065.72216,38492,0,70780,23810.22222,22726.16510,70780
7987613809,11,"{0,414,2510,2958,696,1512,-828,936,4092,1294,2266,3410,-492,-2268,48,6594,-2032,962,-786,9936,4916,12118,10774,12604,13838,12574,5838,-5554,-9470,-12824,-10816,-29684}","{0,584,1537,2653,1067,2063,-1292,1241,4821,1898,850,2216,-8253,-9215,-2226,9607,-6541,-1579,-5210,23368,2716,27708,27264,33002,42200,41560,25241,7650,7234,1532,5395,-11401}",false,-29684,13838,1110.50000,8443.33549,-29684,-11401,42200,7115.31250,14058.51538,-11401
7987613581,5,"{0,-1342,-1434,-1366,-122,898,2334,2724,3222,1928,1834,5408,5804,8591,10699,12043,16921,21691,26823,28339,38599,47977}","{0,39,500,64,1038,3408,4351,3390,1602,-242,-304,8405,4722,6381,11694,16813,27475,35453,46306,46246,76245,89266}",true,-1434,47977,10525.95455,13595.91585,47977,-304,89266,17402.36364,25238.04067,89266
7987613175,34,"{0,-578,498,314,-98,468,858,4712,9464,14164,18130,25178,28142,33612,19674,18448,15740,18162,20074,24944,10878,12284}","{0,-373,351,1348,816,2491,2438,5061,12605,17720,14890,26160,29425,21602,-512,-7991,-15429,-8910,2111,19107,-16482,-8396}",true,-578,33612,12503.09091,10354.17937,12284,-16482,29425,4456.00000,12446.86849,-8396
7987612818,100,"{0,37,259,-457,-513,-1174,-1717,-1978,-2199,-3115,-4263,-5083,-4977,-7005,-7618,-10158,-12231,-11879,-12695,-14669,-14689,-16514,-16529,-18799,-20057,-22851,-23428,-22553,-22960,-23662}","{0,215,175,53,-131,-772,-1307,-1162,-1930,-3710,-3878,-5178,-5957,-6687,-7430,-12588,-11786,-9928,-11304,-12289,-12155,-14766,-15645,-18215,-21217,-22918,-24733,-23103,-22701,-27500}",false,-23662,259,-10115.90000,8333.86004,-23662,-27500,215,-9951.56667,8635.20317,-27500
7987612481,89,"{0,-66,-1052,-2492,-3870,-3826,-4976,-6418,-7368,-8398,-9276,-8150,-15400,-15200,-16734,-20386,-24392,-29712,-15264,-19716,-21440,-3650,-3010,11268,14636,25876}","{0,113,-239,-1018,-2324,-1588,-3646,-7898,-5514,-5917,-7011,-5050,-18352,-14014,-22070,-31196,-32079,-24513,5491,4827,2800,44553,35613,78893,74583,102263}",true,-29712,25876,-7269.84615,12029.05692,25876,-32079,102263,6411.80769,33014.15143,102263
7987612001,60,"{0,-1042,-1904,-2478,-2286,-1756,-2302,-1636,1480,1838,1194,-2360,-5878,-5068,-6048,-11970,-20186,-28812,-34712,-39754,-51476,-48030}","{0,-183,-342,-717,-483,-64,-1189,1275,3472,179,-3355,-8502,-17655,-12985,-7852,-16751,-36913,-37920,-47957,-42288,-46399,-33210}",false,-51476,1838,-11963.00000,16666.33767,-48030,-47957,3472,-14083.59091,17455.00400,-33210
7987611690,60,"{0,259,367,560,199,-692,-39,-881,-1030,-1512,-814,-1824,-1571,-2229,-3325,-4257,-5113,-4276,-5371,-5233,-7297,-9644,-10912,-7350,-8739,-11499,-11858,-12779,-14316,-17147,-17418,-22099,-25532}","{0,357,-101,269,130,-555,-69,-755,-1269,-1924,-1075,-1854,-2649,-3483,-3903,-2002,-2132,420,-668,350,-2999,-6544,-7383,1117,-1401,-7367,-7232,-9546,-14945,-16582,-16215,-20244,-27507}",false,-25532,560,-6465.81818,6834.09221,-25532,-27507,1117,-4780.63636,6821.16044,-27507
7987645937,60,"{0,-200,410,-1358,-4298,-4932,-4940,-7318,-8303,-6885,-11505,-17144,-22590}","{0,101,201,-371,-4544,-4794,-3524,-5178,-7213,-3911,-7384,-13477,-14734}",false,-22590,410,-6851.00000,6595.85358,-22590,-14734,201,-4986.76923,4643.71892,-14734
7987639709,26,"{0,-1188,-1368,-1314,-1160,-2530,-1974,-3460,-4610,-3158,3478,60,3134,5870,9048,12960,23196,32300}","{0,296,481,819,1647,543,2001,-1273,-2234,-712,7969,-4294,3321,5762,14690,21564,40222,55505}",true,-4610,32300,3849.11111,9662.98392,32300,-4294,55505,8128.16667,15512.54212,55505
7987636838,103,"{0,-772,-1212,-1198,-1724,1218,2760,6686,9446,12736,16872,16494,17668,14366,23466,24690,27216,34260,40070,35440,46204}","{0,103,-433,556,-1057,2669,3838,8845,6657,11488,13832,9481,8507,2637,24459,21393,23662,42473,39772,19663,59578}",true,-1724,46204,15461.23810,14537.36289,46204,-1057,59578,14196.33333,15952.33640,59578
7987634269,162,"{0,54,300,1798,1968,1952,2168,1594,3962,4202,4656,2239,1950,2935,5553,6623,8731,13741,9847,4991,3099,5655,18833}","{0,-147,-341,868,1678,2421,2892,3293,5631,3563,4780,2048,4171,5692,10443,10046,13830,27289,13056,2784,-3871,21413,56036}",true,0,18833,4645.69565,4434.05250,18833,-3871,56036,8155.43478,12437.57123,56036
7987631319,11,"{0,-611,-474,-804,-94,-132,-292,10,-346,-14,-1529,-4248,-4928,-5651,-7259,-5839,-7951,-9033,-10912,-12539,-17110,-20443,-23756}","{0,-114,-270,-494,-626,-426,-302,153,-1324,12,-1809,-3784,-4456,-5088,-7149,-5037,-6306,-7566,-8129,-10325,-18482,-19430,-19578}",false,-23756,10,-5824.13043,6855.08865,-23756,-19578,153,-5240.43478,6196.27997,-19578
7987628289,191,"{0,238,163,809,1835,1707,2137,2842,2068,1900,1895,2925,2186,3899,4299,4787,5201,8326,8645,9423,10201,13000,14556,21171,23807}","{0,238,32,434,1013,647,897,1526,834,1528,1637,2574,1886,3343,3761,7304,6797,10805,10196,11291,12215,15845,19074,22193,21831}",true,0,23807,5920.80000,6275.34918,23807,0,22193,6316.04000,7013.35494,21831
7987626264,59,"{0,437,478,765,1751,2512,2860,3349,3711,4570,5187,6846,7456,8033,8967,10341,14002,12255,14650,16218,19615,16809,15866,15295,16409,16765,16203,18824}","{0,181,-76,-215,637,1423,1694,2602,2400,3956,4587,5365,6290,7087,8836,8557,11983,8562,11911,12555,15617,10336,9793,10974,11732,12874,12616,14353}",true,0,19615,9291.92857,6470.25317,18824,-215,15617,7022.50000,4984.43586,14353
7987625261,0,"{-516,-1260,-1076,-560,-847,-1059,-617,-657,-1007,-1278,-876,-1830,-1976,-3703,-4041,-4227,-5495,-6668,-7509,-8644,-12231,-12749,-13084,-13025,-13373,-15449,-19270,-20317,-22928}","{-100,28,-28,372,448,90,684,321,81,-5,575,-813,-1241,-5152,-4681,-5185,-7599,-9479,-9911,-12457,-17230,-18333,-16576,-18514,-18338,-21413,-20691,-18994,-21015}",false,-22928,-516,-6768.00000,6752.36250,-22928,-21413,684,-7764.00000,8320.14412,-21015
7987617639,0,"{492,775,508,133,-93,-828,-851,-951,-1845,-1904,-3788,-5109,-4685,-6505,-7753,-9453,-10347,-10290,-11133,-13121,-14182,-14110,-14347,-16534,-18917,-18927,-20242,-18310,-16458,-18212,-20548,-22715,-27251,-28557}","{100,153,-280,-939,-1024,-2157,-1625,-2193,-2217,-3493,-5070,-6347,-5918,-8494,-9339,-10019,-10938,-12265,-12048,-13548,-14998,-14470,-16690,-18140,-23327,-21530,-27880,-19866,-19783,-19317,-24050,-28047,-33239,-36347}",false,-28557,775,-10472.29412,8547.99892,-28557,-36347,153,-12510.14706,10068.48154,-36347
7987615167,294,"{0,-198,-117,-183,153,-163,-44,268,369,-158,-733,-942,8,1148,1545,2259,4006,4628,6017,5666,5148,4488,7813,6985,6176,7619,10757,11315,12534,10892,11099,12630,9851,11796,15227,19905}","{0,117,128,276,687,508,1089,1297,1412,1141,351,-75,805,3060,2758,2581,4899,6060,8145,9262,8281,8004,12212,10456,8534,11073,17536,17668,20009,14475,18200,21958,17689,20106,24770,33129}",true,-942,19905,5215.66667,5416.47524,19905,-75,33129,8572.25000,8590.33370,33129
7987613903,6,"{0,-657,-576,-417,-966,-1285,-441,-1769,-2607,-2249,-3211,-3391,-3620,-4343,-2927,-3643,-4807,-4777,-4357,-5343,-5843,-4319,-5457,-6607,-7851,-10467,-11399,-13314,-14657,-16806,-17374,-20195,-23275,-24656}","{0,-152,38,243,-143,-337,617,-716,-1175,-825,-1994,-2743,-2676,-3347,-2887,-4081,-4123,-3675,-3485,-4912,-6343,-3769,-2038,-5040,-7073,-8997,-10124,-13226,-13039,-18086,-23311,-29738,-31640,-31952}",false,-24656,0,-6870.76471,6738.71469,-24656,-31952,617,-7080.85294,9170.56432,-31952
7987611678,12,"{0,-133,-122,44,-949,122,1119,795,1327,911,2167,2552,4508,6229,7080,8783,10360,11548,13833,15148,16715,19947,20977}","{0,-135,157,462,-744,-19,988,498,1033,1023,2621,4217,5732,7200,7684,11114,13425,15677,20001,21180,23639,24857,27931}",true,-949,20977,6215.69565,6894.32599,20977,-744,27931,8197.43478,9282.88215,27931
7987611517,0,"{-980,-818,74,-754,-3208,-5686,-5930,-5748,-5718,-4730,-5574,-4978,-7006,-9746,-13468,-20572,-14226,-18966,-13214,-6862,-7464,-15494,-27576,-23900,-20432,-22624,-18370,-5344,6230,-1486,7264,-1346,-724,5200}","{-200,488,466,-629,-2684,-4687,-4930,-6683,-7899,-6055,-10180,-5728,-9247,-10737,-14102,-30217,-12193,-16953,-700,10175,14596,-5821,-14164,5488,15992,16434,24546,55701,52878,33555,30388,15541,3247,8586}",true,-27576,7264,-8064.00000,8730.19062,5200,-30217,55701,3655.05882,18481.27416,8586
7987611494,0,"{1106,1468,1046,-1888,-1800,-3522,-2158,-3842,-3627,-6943,-6459,-1341,-1133,-2371,-5959,-6687,-11309,-19045,-19651,-23223,-27533,-33975,-25379,-24715,-30171,-22961,-23959,-26593,-29349,-45695}","{200,-474,-125,-1981,-1361,-2597,-1825,-3406,-2471,-10482,-7196,-3475,-2845,-5443,-4727,-7031,-22558,-42928,-41518,-46926,-55918,-68810,-41583,-42108,-47832,-29503,-35524,-37812,-44793,-47130}",false,-45695,1468,-13588.93333,12841.10057,-45695,-68810,200,-22006.06667,21219.54865,-47130
7987611477,6,"{0,1156,1530,1682,2072,3172,3824,5838,4788,4266,2146,1670,-1914,-9608,-12388,-16624,-18566,-19384,-24084,-23842,-20776,-17472,-14856,-22898,-24294,-25742}","{0,439,451,935,1513,3169,3745,3434,4396,4927,2248,1145,-4409,-9521,-14197,-19638,-19772,-14225,-24548,-7326,-4161,1900,1503,-14499,-12181,-16339}",false,-25742,5838,-8473.23077,11403.25788,-25742,-24548,4927,-5038.88462,8824.85606,-16339
7987611455,0,"{-598,-360,-509,-261,-891,-607,-1213,-2106,-2662,-2537,-3128,-2620,-826,-1242,-906,-730,-769,-522,1448,-948,-1215,432,866,819,337,2722,2695,3952,4966,6584,5665,6795,5217,2383,4972,8587}","{-100,261,-70,463,-174,88,-1,-179,-1075,-728,-1546,-756,864,324,674,-300,495,-278,3733,196,-693,2696,2833,2857,3729,5030,5353,5159,8915,9575,6143,9310,-1738,-4298,-917,2467}",true,-3128,8587,938.61111,3004.12789,8587,-4298,9575,1619.77778,3200.07835,2467
7987611425,11,"{250,247,302,511,875,2545,1740,1883,1891,1745,2867,4292,5693,7876,8516,9820,11763,12402,13868,15616,15883,16246,16643,16283,17070,16934,18097,21839,25150,28502,30431}","{0,67,167,662,706,1871,1282,1545,1708,1881,2668,2790,3949,5382,5254,7074,7748,7047,9447,10676,11025,10715,14051,14057,14056,13145,15414,18439,22003,25080,29410}",true,247,30431,10573.54839,8771.94845,30431,0,29410,8365.12903,7731.73311,29410
7987611213,51,"{-92,210,1870,1954,1824,2362,1690,456,4062,6530,10182,16506,21074,28810,35084,34102,40274,31954,35540,28748,24938}","{-58,338,2347,1827,1326,1360,1183,-47,5047,4342,9325,22765,23866,38226,50204,35261,46219,27114,31423,14098,4659}",true,-92,40274,15622.76190,14395.06237,24938,-58,50204,15277.38095,16382.27314,4659
7987611141,101,"{0,-124,424,267,-222,-366,-256,-342,-1022,-785,-623,404,-120,-261,339,107,-705,2978,4126,4956,4317,4661,4452,4226,3743,4439,5069,5222,6701,8309,6988,6060,6554,10358,14264,14404}","{0,-155,455,292,-92,-161,-575,-361,-2136,-1243,-1337,-584,-1521,-2379,-1962,-2475,-3005,2050,2853,4348,4394,5607,6055,5536,7474,8605,9345,9211,11426,14344,6776,5009,5080,14311,16451,17835}",true,-1022,14404,3292.83333,4045.10548,14404,-3005,17835,3874.19444,5709.91219,17835
7987611019,75,"{0,-93,224,-291,-566,-579,-1655,-2579,-4186,-2597,-3286,-4048,-5802,-8039,-9239,-10094,-9343,-9286,-10425,-13704,-13816,-17779,-20847,-25896,-28487}","{0,155,217,-287,-368,-229,-861,-1421,-3386,-1549,-1688,-1894,-2378,-3622,-6191,-6569,-5776,-6915,-8845,-12627,-12460,-19382,-18704,-18345,-23329}",false,-28487,224,-8096.52000,8005.05348,-28487,-23329,217,-6258.16000,6999.80484,-23329
7987610895,1,"{0,-1644,-2366,-3718,-2684,-2076,-4010,-4132,-1792,-2884,-6214,-8060,-6002,-2326,326,6132,4502,4156,4436,9134,12574,7648,6372,12624,16542}","{0,-327,-575,-2129,-295,-246,-2747,-4694,-4152,-8292,-10854,-15803,-10332,4167,13034,25823,33831,24885,25672,36607,48315,36975,28590,50872,53363}",true,-8060,16542,1461.52000,6445.12140,16542,-15803,53363,12867.52000,21002.00907,53363
7987610603,0,"{-1072,-2020,-2146,-2582,-2693,-3301,-4344,-4475,-5582,-5596,-5020,-6757,-4447,-7554,-9002,-10323,-9035,-10314,-12048,-13222,-13901,-14467,-13857,-17671,-21209,-25858,-27897}","{-208,-348,-566,-242,-677,-1516,-3033,-2938,-2756,-2205,-1060,-2950,-782,-4359,-5418,-6292,-6342,-6947,-8847,-8458,-10800,-12562,-8656,-18550,-25527,-26724,-30386}",false,-27897,-1072,-9496.03704,7066.08462,-27897,-30386,-208,-7375.88889,8353.17746,-30386
7987610261,97,"{100,536,857,1076,452,226,282,816,1277,1415,2274,13,631,1153,1196,2700,4501,2970,2777,5703,7216,9579}","{69,65,573,709,270,128,42,692,2281,2464,3425,757,2164,3313,2367,4261,7446,5688,6924,11555,13815,16769}",true,13,9579,2170.45455,2448.99792,9579,42,16769,3898.95455,4628.34418,16769
7987610219,3,"{0,45,241,24,1406,1830,2131,2797,1929,2471,4035,3860,6041,6805,6900,7468,7550,7211,8937,9286,10104,10240,11701,13007,14059,19448}","{0,17,342,408,1168,1457,1574,1300,1207,2174,4275,3765,5175,5495,5580,8515,8590,8533,11263,12209,14108,13558,14455,10083,12354,15841}",true,0,19448,6135.61538,4923.16300,19448,0,15841,6286.38462,5185.95616,15841
7987610202,22,"{0,-1784,-1830,-3444,-2894,-2708,-5190,-7098,-7118,-11683,-13148,-13788,-16226,-19098,-14658,-14724,-18432,-15316,-16198,-19694,-24576,-25776,-17472,-19452,-22674,-26086,-27698,-27146,-28324,-29878,-38954}","{0,-290,-633,-2926,-3227,-1214,-4324,-8775,-7479,-11720,-11826,-9242,-13638,-16410,-10974,-10084,-20010,-12371,-12743,-20167,-41831,-48347,-5387,-11282,-7826,-9050,-8073,-9615,-9959,-20811,-28972}",false,-38954,0,-15905.38710,9782.17109,-38954,-48347,0,-12232.45161,10795.01402,-28972
7987610033,0,"{348,1393,1482,1878,2100,1937,1760,1634,1029,1709,2396,2196,1404,1124,728,2747,3193,2566,3021,1346,1583,3499,4184,2757,2482,5016,7144,4427,2649,4692,7441,11454,15590}","{100,198,190,393,903,572,525,1512,1356,2293,2337,2359,1195,2009,912,1826,3429,2730,2920,3050,3260,6335,7047,4891,6494,12097,14688,8975,8188,9899,9428,15517,18189}",true,348,15590,3300.27273,3095.99050,15590,100,18189,4721.72727,4823.20404,18189
7987609510,62,"{0,498,1982,2326,1790,2040,4044,2324,-650,-18,2610,3700,4892,5810,3960,-2846,-2398,-7934,-8810,-14852,-16846,-11336,-9646,-12870}","{0,321,1226,562,-447,-401,1451,1413,-2811,-1877,-386,1168,-2586,-3770,-9567,-18737,-10517,-20423,-25158,-32311,-15960,3679,6905,1819}",false,-16846,5810,-2176.25000,6662.41721,-12870,-32311,6905,-5266.95833,9876.15287,1819
7987609313,158,"{0,36,161,145,3,236,1132,748,86,146,1543,2650,3980,5255,7009,6533,5772,8210,12069,12557,16045,20202}","{0,88,-64,-41,-403,-90,1121,730,1339,2059,3266,3973,5503,6148,7253,7461,5342,9537,14068,13104,18841,21433}",true,0,20202,4750.81818,5719.64096,20202,-403,21433,5484.90909,6224.69216,21433
7987609046,15,"{100,789,1188,705,1663,1946,2385,3982,3725,4370,6120,1781,2822,502,2283,4087,5816,8794,9884,13680}","{70,-9,513,145,1049,918,1318,2111,3179,4218,5720,7798,10659,11357,14623,19139,19064,22491,23582,26827}",true,100,13680,3831.10000,3441.05914,13680,-9,26827,8738.60000,8861.14249,26827
7987608938,170,"{100,104,656,1154,785,415,549,2020,2828,4387,4893,5651,6629,6311,8313,8786,5326,7234,7121,7184,7059,7730,5158,4102,4308,846,544,1006,1506,1090,-3069,-8191,-10984,-13067}","{70,-33,407,398,176,156,88,1079,2135,3980,4656,6038,6565,5894,7219,5439,1824,2252,2367,3580,2540,2920,-64,-778,16,-6181,-6470,-4015,-3058,-4617,-12928,-16169,-20063,-24404}",false,-13067,8786,2308.35294,5049.60403,-13067,-24404,7219,-1146.50000,7257.53816,-24404
7987608905,173,"{0,-232,-377,-1105,-1606,-2196,-2398,-2142,-3243,-5464,-6529,-7652,-7898,-10050,-11383,-11380,-13547,-14202,-16296,-21126,-23963,-26064,-29525,-36237}","{0,-154,-8,-177,-866,-1347,-1975,-1712,-3116,-5245,-5555,-6241,-6373,-8390,-10421,-9779,-12432,-14163,-16178,-20587,-21623,-24842,-24785,-26312}",false,-36237,0,-10608.95833,10036.30352,-36237,-26312,0,-9261.70833,8672.28406,-26312
7987608518,9,"{0,-698,-1176,-2572,-2504,-5252,-6100,-11534,-12898,-14364,-18668,-18912,-20912,-24830,-35312}","{0,73,-503,-2235,-3061,-6292,-6336,-10776,-13257,-15542,-21285,-23885,-17117,-31900,-52908}",false,-35312,0,-11715.46667,10110.78140,-35312,-52908,73,-13668.26667,14044.83614,-52908
7987608397,9,"{0,-174,63,232,431,478,540,-37,-904,-1281,-1127,6,241,-165,-492,281,1328,2715,4156,4395,4583,5080,5265,4420,3878,3135,3262,3133,4561,12443,12595,18913}","{0,417,477,695,952,614,840,175,291,-354,-620,1419,1513,2233,2091,3497,5153,6952,8246,7892,8010,7138,7197,6128,4547,1068,2164,1303,3206,12423,15511,24673}",true,-1281,18913,2873.56250,4393.79705,18913,-620,24673,4245.34375,5316.34468,24673
7987608392,2,"{0,-817,-591,-501,-769,-889,-1051,-1101,-998,-1034,-1320,-1553,-933,-1854,-924,-776,92,-2318,1446,1287,106,-3246,-2754,-3111,-5966,-6616,-8290,-9402,-9189,-10371,-11462,-12674,-12391,-19603,-24478}","{0,49,-10,-55,-456,-669,-368,-745,-1046,-989,-1107,-2147,-1557,-2393,-2193,-56,707,-2703,2242,1271,731,-3536,-5646,-7261,-11450,-12414,-15980,-17657,-17168,-19441,-19315,-21310,-20688,-27292,-30718}",false,-24478,1446,-4401.45714,5936.12750,-24478,-30718,2242,-6896.28571,9162.67371,-30718
7987608305,76,"{0,896,1910,1992,986,50,-922,-1196,-3996,-634,-214,1106,6522,13592,17220,22844,36228,36042,28892,34432,37276}","{0,-124,-34,-306,-1466,-2398,-1812,-4866,-11532,-3394,-12257,-2202,14870,34863,44906,59719,93569,92000,68291,69929,50433}",true,-3996,37276,11096.47619,14655.57852,37276,-12257,93569,23247.09524,34724.36252,50433
7987608256,50,"{0,614,556,-528,530,1142,4496,6280,5926,7266,10440,11114,15390,14910,16145,9873,6603,7017,-943,-4137,5947,7042,14666,22944,25490}","{0,376,363,110,1479,1304,4288,6973,9481,10661,14425,15452,19976,14995,17143,7830,3042,4096,-19614,-23320,1867,359,35918,47337,60002}",true,-4137,25490,7551.32000,7379.49325,25490,-23320,60002,9381.72000,17423.60517,60002
7987608195,11,"{0,354,-210,-2350,-2560,-5384,-5260,-8114,-7778,-7590,-11062,-12940,-13066,-16844,-22010,-18950,-19908,-23690,-33454,-33224,-33316,-38334,-50524}","{0,339,-427,-1461,-1763,-4055,-3247,-8335,-6146,-7283,-12418,-10682,-9332,-13288,-22453,-14704,-15546,-23003,-40652,-37824,-36872,-53830,-65876}",false,-50524,354,-15922.34783,13708.65459,-50524,-65876,339,-16906.86957,17841.90576,-65876
7987608093,53,"{0,-502,-832,-963,-1658,-1376,-1650,-1359,-1890,-2386,-4156,-3701,-4274,-4957,-7307,-7781,-9759,-11065,-10822,-10345,-10670,-13235,-19084}","{0,-199,-669,-832,-1497,-1266,-1056,-913,-2094,-2625,-4767,-4208,-5439,-6484,-8286,-7991,-10126,-12301,-14021,-13288,-15236,-17594,-22749}",false,-19084,0,-5642.26087,4982.16822,-19084,-22749,0,-6680.04348,6333.83104,-22749
7987608072,2,"{0,1136,1274,406,-858,-2170,-3246,-5296,-6838,-8028,-7244,-4264,-8884,3076,5730,2946,3822,364,-2460,162,2598,11822,16936,26992}","{0,174,47,-1311,-1824,-4457,-4796,-6075,-9490,-12866,-12318,-8036,-17635,8136,9473,-4116,-7561,-15987,-22032,-7809,11129,4213,9592,26398}",true,-8884,26992,1165.66667,7929.33292,26992,-22032,26398,-2797.95833,10492.74199,26398
7987607270,90,"{-250,164,675,558,523,1752,1885,3299,2445,3964,4466,5453,6357,6888,7250,7407,8866,9468,7087,7223,6561,3097,4618,5735,6785,8524,9439,9617,10925,12148,12142,14600,22970}","{0,85,163,435,323,1138,897,2236,2228,4126,4295,5171,6373,6483,6374,5679,8392,9115,5987,6560,4734,805,3160,5245,7895,12492,12102,12458,13669,11910,12158,19633,24620}",true,-250,22970,6443.66667,4761.00801,22970,0,24620,6573.96970,5734.13129,24620
7987607202,0,"{-951,-1361,-1408,-1583,-912,-2357,-2575,-2778,-2235,-3838,-4333,-3697,-4845,-5214,-6006,-7458,-8295,-10272,-10832,-10623,-10291,-11719,-13195,-13446,-18546,-17552,-21173,-22521,-21722}","{-200,-243,-527,-456,-175,-1851,-2330,-2545,-2687,-4061,-4009,-3314,-4424,-4508,-6357,-6866,-8804,-12472,-12474,-12723,-13391,-16943,-16337,-17632,-26458,-24915,-29257,-28658,-24609}",false,-22521,-912,-8335.79310,6668.06964,-21722,-29257,-175,-9973.31034,9299.54584,-24609
7987641734,0,"{902,734,1590,1440,1888,2396,3124,6314,6738,4848,-1122,-6442,-9806,-6834,-17026,-22062,-29848,-43574}","{198,-281,557,106,464,325,526,4094,4893,1242,-4852,-10211,-17115,-12970,-35349,-21183,-46078,-53194}",false,-43574,6738,-5930.00000,13442.58052,-43574,-53194,4893,-10490.44444,17163.26506,-53194
7987632999,4,"{0,-284,420,1500,1010,2562,2596,6328,4924,8754,7316,10762,9292,6968,7862,-3602,-11312,-9910,-12824,-17038,-21950,-10850,-4726,-8078,-11526}","{0,111,641,1556,712,3256,3997,7783,6283,8255,4943,12561,10390,4658,6380,-13024,-23158,-16230,-23213,-32124,-21116,5734,15078,-12053,-16650}",false,-21950,10762,-1672.24000,8871.85970,-11526,-32124,15078,-2609.20000,12726.70442,-16650
7987631661,75,"{0,328,-26,1076,850,-298,-260,250,960,-1712,-2894,1972,-1820,-2332,-2348,2600,3806,9216,7506,8360,8452,21238,29110,25946,33596,47628}","{0,619,337,841,728,777,1277,2356,4215,1659,694,6969,-1893,-474,1185,10631,12048,17717,6814,6923,3041,31323,38884,22843,37289,51410}",true,-2894,47628,7354.00000,12858.81471,47628,-1893,51410,9931.26923,14201.76402,51410
7987631626,0,"{992,2356,1712,690,490,496,616,-1616,-3484,-4170,-7296,-13920,-15220,-18734,-21834,-22522,-16038,-17480,-15004,-17790,-19062,-17096,-12806,-13368,-22866,-37520,-43488}","{200,1219,1057,292,712,-3,-145,-4072,-8344,-11043,-14165,-17454,-16879,-23486,-22133,-17651,-6676,-13151,-5149,-11133,-19687,-14893,507,-1754,-38426,-49772,-45536}",false,-43488,2356,-12368.96296,11627.34359,-43488,-49772,1219,-12502.40741,13800.51762,-45536
7987631604,0,"{568,981,823,1642,2514,3501,4390,5552,5015,5474,6390,6455,7724,8421,10509,11783,13058,13943,13382,17045,18527,21100,23603}","{100,191,116,471,671,1511,2329,3027,3141,3409,4396,4778,5395,4729,6972,6429,9385,9439,10493,12480,14401,15083,17642}",true,568,23603,8800.00000,6559.98407,23603,100,17642,5938.60870,5110.36129,17642
7987630262,91,"{150,-163,-35,177,345,749,1167,2344,3386,2917,2541,3655,3940,3953,5805,6086,5455,6446,6843,8232,10322,12133,15387,18793,21476,26429}","{-70,-37,463,272,427,968,876,2370,3424,3867,3577,4843,3863,3317,5244,6332,6788,6727,6868,8224,10473,13372,14333,20483,21724,25264}",true,-163,26429,6482.03846,6923.08938,26429,-70,25264,6692.00000,6877.23973,25264
7987630257,85,"{0,-29,840,118,660,1554,2253,2057,2977,3737,4771,4597,4304,5330,5555,5435,7539,10565,12870,15037,17488,22349,20168,20435,21927,27106}","{0,-148,408,-529,-531,315,842,1398,1926,3091,3986,4733,4430,7112,7397,8823,11287,15845,18170,21011,25296,29912,28464,27400,29716,30509}",true,-29,27106,8447.80769,8173.14411,27106,-531,30509,10802.42308,11237.50116,30509
7987629156,25,"{0,484,345,619,468,1272,1261,2028,1770,2127,1897,2673,2926,1251,2535,4009,5230,5946,6793,7505,10815,11800,12814,13193,15968,21504}","{0,161,-64,417,701,1680,1279,1835,1666,2047,1881,2343,2495,-41,1835,4871,5587,5551,6046,6256,10342,10697,12741,11515,12636,20013}",true,0,21504,5278.19231,5588.43015,21504,-64,20013,4788.07692,5098.96969,20013
7987628649,0,"{0,-2100,-2032,-2942,-408,-3652,-2446,-3682,-5818,-5932,-7029,-12486,-15953,-20996,-25258,-23243,-15011,-14333,-16619,-18473,-30673,-30831,-33487,-34797,-30831,-31103,-32661,-33917}","{0,-847,-953,-2237,-953,-3028,-1246,-1416,-5524,-5631,-6057,-16142,-14168,-22206,-19825,-8696,2164,3860,2347,844,-22951,-9748,-19205,-21165,-22846,-24977,-30697,-30536}",false,-34797,0,-16311.17857,12182.30870,-33917,-30697,3860,-10065.67857,10674.12620,-30536
7987627943,0,"{-451,-1267,-1594,-2139,-1936,-1693,-2539,-2022,-3258,-3565,-5403,-4871,-5518,-6762,-8396,-9716,-10120,-9806,-12512,-12912,-13390,-15443,-16109,-19308,-17905,-19308,-19028,-22411}","{-99,-79,-135,-396,-633,-237,-1593,-920,-2657,-3573,-5905,-5541,-6113,-7444,-8935,-11838,-11626,-10468,-13263,-14334,-15340,-17800,-21732,-23356,-21016,-21259,-22458,-24592}",false,-22411,-451,-8906.50000,6686.57318,-22411,-24592,-79,-9762.21429,8307.82381,-24592
7987626886,8,"{0,580,815,50,151,268,5,280,27,173,-289,226,-518,-1408,-1102,-2144,-2402,-4075,-4491,-6157,-8144,-8408,-9234,-9582,-10821,-17276,-19532,-19372,-20883,-23599}","{0,101,73,-476,-384,-157,-492,-46,-392,-524,-1172,-379,-1595,-2766,-2292,-3657,-2914,-4456,-5393,-7986,-12080,-11877,-12509,-12691,-15633,-22784,-23628,-24278,-24862,-28288}",false,-23599,815,-5562.06667,7396.39449,-23599,-28288,101,-7451.23333,8983.44454,-28288
7987625609,118,"{0,11,575,352,1684,2157,2712,3744,3681,5710,7924,9254,10153,10494,8974,10566,12565,15513,19513,20098}","{0,-9,516,600,1335,1819,2507,3878,4393,4980,7990,7943,9980,9959,8016,10556,13362,17732,22108,20085}",true,0,20098,7284.00000,6129.28345,20098,-9,22108,7387.50000,6580.93291,20085
7987623517,0,"{29,949,1501,1751,1847,2386,1875,2691,1963,2083,3160,3245,5594,7040,7884,9717,11327,10735,12034,12898,15556,13469,16389}","{0,42,471,584,656,820,629,889,507,997,2379,2542,4892,4894,5519,8821,10403,9655,11790,11342,12831,11808,15663}",true,29,16389,6353.17391,5152.44188,16389,0,15663,5136.26087,5039.36924,15663
7987623401,82,"{0,-5,-206,-651,-227,-815,-986,-931,-1318,-1184,-1706,-1532,-623,-1109,-1432,-2447,-2196,-6243,-10215,-12975,-14827,-18493}","{0,-59,245,-195,-44,-42,-574,-994,-1625,-1608,-2523,-2677,-1039,-1826,-2730,-4325,-4359,-10151,-12465,-14745,-14106,-15668}",false,-18493,0,-3641.86364,5255.34097,-18493,-15668,245,-4159.54545,5263.13767,-15668
7987644580,18,"{0,862,556,644,950,1303,1435,1862,2438,2493,2177,1387,816,2440,2038,-2522,-4972,-5984,-5022,-6744,-8982,-12954}","{0,126,-128,-345,55,-128,629,1194,1557,1604,978,-127,-1041,292,-1632,-6387,-9257,-8894,-7221,-8101,-11501,-12538}",false,-12954,2493,-1171.77273,4237.57671,-12954,-12538,1604,-2766.59091,4553.90943,-12538
7987620410,0,"{-563,-937,-1367,-1374,-2216,-1926,-2348,-2880,-4018,-3897,-5169,-7122,-7988,-8523,-9531,-9851,-10396,-10716,-11594,-12558,-12283,-15166,-17840,-15469,-15744,-15841,-18934,-20688,-22133}","{-100,-138,-439,-655,-1276,-1055,-1801,-2401,-3691,-3519,-4719,-7515,-8404,-9270,-9477,-11338,-12703,-11857,-11769,-11664,-11306,-13341,-17072,-16396,-15007,-17091,-17881,-19308,-23142}",false,-22133,-563,-9278.34483,6412.75571,-22133,-23142,-100,-9115.00000,6619.35025,-23142
7987620017,106,"{0,-142,-963,-1440,-1433,-2107,-1995,-1810,-2616,-2471,-1467,-1725,-3385,-3277,-4860,-5358,-8093,-7439,-7601,-8801,-8657,-7760,-10018,-11366,-13626,-15955,-17517,-21612,-21387,-23530,-25233,-28421,-30329,-31934,-38287}","{0,-12,-599,-792,-402,-1338,-966,14,-258,-621,-464,-534,-2843,-4137,-6067,-5297,-9040,-8186,-8422,-11087,-10517,-11149,-11578,-14160,-17216,-18830,-21743,-26842,-25976,-31080,-32821,-35761,-38720,-44984,-53531}",false,-38287,0,-10646.14286,10472.32271,-38287,-53531,14,-13027.40000,14438.37966,-53531
7987619400,225,"{0,-465,-229,-772,-1146,-1659,-2081,-1813,-204,882,1787,941,1656,1098,712,-1349,-869,-730,1034,2749,1910,1638,1192,1628,3330,4841,6712,6602,10834,15998,18613}","{0,141,426,-155,92,-655,-666,-554,670,862,1208,957,1877,558,2050,417,1467,1604,3222,5438,4569,4171,3842,4949,7362,9334,10931,10806,18437,20857,27721}",true,-2081,18613,2349.67742,4805.25189,18613,-666,27721,4578.64516,6735.75534,27721
7987619203,135,"{-352,7,-252,326,740,694,372,-197,-45,-328,-1094,-1387,-2175,-2322,-3345,-602,1437,617,320,1303,638,2955,6123,6707,6226,5223,9679,10085,10988,12814}","{-70,-17,-498,-129,177,257,871,477,-296,-865,-1862,-1457,-2149,-2790,-4317,-1524,-269,-164,-506,15,-1125,3244,3367,1789,1390,367,7273,8011,7839,11470}",true,-3345,12814,2171.83333,4191.76191,12814,-4317,11470,950.30000,3429.67699,11470
7987617118,209,"{0,16,-152,-584,1252,-232,-3142,-2554,-6678,-9994,-11424,-12382,-12870,-13242,-20228,-21202,-24714,-21984,-24344,-24594,-32126,-28112,-27924,-26434,-27488,-18560,-19384,-12366,-9046,-5736,-2612,5018,6680,10442,13216,20860}","{0,-195,-251,-1146,-20,-1223,-3068,-2475,-6776,-8173,-7443,-8327,-7065,-8349,-21662,-19828,-18624,-10407,-19851,-21665,-27340,-30381,-25104,-16283,-18536,361,1450,13445,23645,35947,37400,24897,46474,49571,49635,48543}",true,-32126,20860,-10072.88889,13043.78403,20860,-30381,49635,1310.44444,22909.33811,48543
7987617106,38,"{0,-556,-738,-743,-484,-753,-970,-509,-491,-93,224,587,1078,2291,2613,3434,2095,3012,1618,3013,3911,3538,6701,6672,3570,2437,2562,4665,7849,8290,12861,19700}","{0,-89,98,57,238,52,148,52,304,1673,1975,2733,3253,4679,4587,5865,4495,4954,2811,5766,7214,7589,14950,16363,11436,11184,10513,15325,20746,20642,31537,37886}",true,-970,19700,3043.25000,4351.52399,19700,-89,37886,7782.37500,9251.06698,37886
7987617007,0,"{-556,-57,166,-158,40,99,767,1153,1416,1840,242,-1111,-3158,-2820,-1851,-4351,-3992,-3508,-3250,-3847,-6085,-7020,-7582,-7485,-5841,-6965,-7517,-7519,-9468,-11835,-17071}","{-100,-100,-70,-488,-346,-475,712,640,542,702,-1040,-2382,-3450,-2714,-1607,-6417,-6717,-7128,-7044,-7840,-12063,-12110,-14908,-14157,-12893,-12772,-11155,-11479,-15581,-17484,-17854}",false,-17071,1840,-3784.64516,4308.47873,-17071,-17854,712,-6379.93548,6182.46740,-17854
7987616827,108,"{0,-478,-50,-228,-368,-289,-777,-251,-358,72,937,2196,1644,2985,3167,2747,1624,1358,274,-1414,-2381,-3171,-2731,-3135,-5124,-4932,-5938,-6126,-7086,-7367,-9456,-8030,-8947,-12618,-20071,-26056}","{0,-90,77,-129,-340,-458,-295,100,169,308,1010,2261,1505,4206,4242,4352,2847,2707,1619,-1016,-1415,-1241,-79,-1961,-5161,-4242,-5566,-6848,-9150,-12197,-13275,-11005,-13349,-20975,-30292,-34756}",false,-26056,3167,-3343.83333,6182.42540,-26056,-34756,4352,-4123.25000,8935.10344,-34756
7987616325,0,"{-363,-73,-47,-806,-423,-1045,-684,-1420,-578,-890,-776,-730,-309,89,508,-115,3007,2271,2057,2543,2278,2053,-344,-737,-1580,-3857,-6759,-8282,-11568,-12330,-14555,-17036,-18625,-23896,-28719,-32053,-29908}","{-29,-83,-24,-647,-285,-897,-314,316,731,84,135,493,986,695,1861,2723,4052,2279,2090,2655,799,1608,-1778,-2318,-4558,-6495,-13710,-16351,-21952,-20747,-27341,-31742,-32116,-43863,-45733,-55920,-51794}",false,-32053,3007,-5505.45946,9732.66048,-29908,-55920,4052,-9653.78378,16968.54441,-51794
7987612502,77,"{0,-348,-284,-75,457,898,933,659,788,1071,1108,2670,2061,2787,5313,5005,4739,7667,8121,7996,8225,11464,11504,11847,16174,20959,23493}","{0,-234,190,60,353,1158,1330,877,1149,1671,2601,5146,5415,6593,9971,12035,10789,14180,14724,13343,13556,17717,21471,22082,25412,33803,33803}",true,-348,23493,5749.33333,6443.94217,23493,-234,33803,9970.18519,10118.23227,33803
7987612118,111,"{0,73,1317,1271,2193,2349,3159,3280,4201,4452,4468,4660,7050,7783,8385,10087,11319,11830,12170,13889,14954,15170,16383,17194,20077,16945,16907,16090,14622,15350,14632,16278,17744,17452,24408}","{0,174,1046,907,1565,1649,3040,2130,3307,3234,3415,3882,6122,7264,8354,10923,11102,14005,14454,15541,17325,17163,19389,20187,22503,16691,16109,16870,13212,13071,12229,13479,14905,14127,27351}",true,0,24408,10518.34286,6609.83304,24408,0,27351,10477.85714,7229.70457,27351
7987646179,359,"{0,-37,-204,-214,-495,-445,-1226,-1228,-2049,-1833,-3123,-4798,-4896,-6150,-6401,-6599,-5225}","{0,80,-190,-122,-137,-264,-391,-579,-1572,-1148,-1180,-3303,-2775,-1715,-2496,-5216,-8592}",false,-6599,0,-2642.52941,2410.49553,-5225,-8592,80,-1741.17647,2210.76817,-8592
7987642638,71,"{0,352,358,-530,-1498,-916,-3768,-4986,-8106,-11552,-16346,-19022,-19122,-23948,-32074,-38066,-47046,-52250,-64016}","{0,-200,-791,-1430,-2963,-2496,-4308,-7082,-9301,-12768,-22861,-26296,-14919,-22685,-40395,-50905,-73841,-57124,-83218}",false,-64016,358,-18028.21053,19404.15495,-64016,-83218,0,-22820.15789,25398.69186,-83218
7987638634,118,"{0,1038,1628,-266,-1082,-266,-604,-238,68,3700,2374,4698,5510,-4836,-7276,-12794,-22826,-33098,-29722,-30848,-30880,-33578,-52134}","{0,195,646,-616,-1799,-1211,-1771,-1803,-804,3373,2261,5665,5342,-8520,-9433,-17694,-27217,-40251,-24537,-21558,-21595,-27167,-56150}",false,-52134,5510,-10497.04348,16196.38358,-52134,-56150,5665,-10636.69565,15807.35632,-56150
7987638358,136,"{0,-46,660,714,1064,2704,2276,2562,4544,3326,6380,532,-106,2042,3880,958,-8636,-18540,-23072,-21692,-33632,-39990,-51830}","{0,-170,392,-182,213,2465,3285,2900,3494,4087,8583,4212,3838,10463,9936,267,-20968,-39999,-34768,-22168,-55104,-44985,-87256}",false,-51830,6380,-7213.13043,15818.46176,-51830,-87256,10463,-10933.26087,24700.86088,-87256
7987633336,89,"{0,-338,-548,376,1194,930,1535,389,1439,943,2806,5294,7257,8482,9295,10741,12467,13627,15056,15365,16393,17134,16229,14319,18596,23114,27471}","{0,61,32,692,1616,1194,1678,1098,1899,1836,2545,4272,7009,7491,8097,10024,11150,13146,13647,13630,14794,17558,17032,16152,22171,26493,28269}",true,-548,27471,8872.81481,7968.21001,27471,0,28269,9021.70370,8286.12501,28269
7987632919,159,"{0,110,64,-1558,-2612,-2420,-1806,-5030,-4794,-4348,-7767,-14261,-14953,-12683,-15875,-19179,-19299,-17101,-16219,-18495,-20329,-17241,-19231,-22653,-37421,-49143}","{0,92,597,-267,-1511,-1938,-529,-4726,-826,-315,-1970,-13638,-15353,-15786,-16492,-17412,-15628,-9001,-11766,-11613,-24675,-19274,-20827,-20965,-45126,-54209}",false,-49143,110,-13240.15385,11560.25054,-49143,-54209,597,-12429.15385,13431.31462,-54209
7987632567,3,"{0,502,152,90,488,496,711,785,-338,-654,-316,-396,-407,-919,-1745,939,789,-2237,-3593,-4045,-5053,-6905,-9667,-11863,-15230}","{0,307,-378,-50,167,161,210,93,-1191,-1469,-1507,-1613,-1971,-2291,-2437,-453,978,-2434,-4338,-4338,-4737,-7681,-9106,-10318,-8934}",false,-15230,939,-2336.64000,4220.76910,-15230,-10318,978,-2533.20000,3217.43109,-8934
7987630395,141,"{0,-483,-402,-1060,-1155,-1036,-1604,-2061,-3650,-4588,-6200,-6013,-7372,-5834,-7347,-8784,-8875,-9783,-10185,-12769,-13749,-14977,-15483,-16324,-17253,-19533,-24307,-26547}","{0,47,-292,-667,-164,74,-509,-254,-1814,-2501,-4146,-4626,-5752,-5444,-6969,-8910,-9927,-13543,-13882,-16483,-18456,-20221,-22834,-22986,-24535,-26610,-28543,-30635}",false,-26547,0,-8834.78571,7293.12577,-26547,-30635,74,-10377.92857,10058.65636,-30635
7987626440,17,"{0,-75,414,155,-127,-797,375,-638,-1429,-3239,-3352,-4038,-5972,-7700,-6138,-7905,-8821,-7505,-6148,-6624,-8195,-9155,-10207,-11503,-11972,-13687,-13913,-15405,-16827,-18587,-24167}","{0,-193,404,77,-500,-928,84,-795,-1580,-3857,-3982,-4623,-6005,-7542,-6224,-11065,-12731,-10009,-7721,-8387,-11744,-12352,-15142,-15757,-15850,-19394,-19111,-20132,-22243,-26165,-29899}",false,-24167,414,-7199.41935,6240.64098,-24167,-29899,404,-9463.41935,8358.66043,-29899
7987624746,115,"{0,-65,-680,-765,-647,-264,-436,-995,-1566,-1538,-1464,-2034,-520,-1691,-1645,-469,2002,2200,2268,2168,2121,3845,5282,5452,5108,3187,2916,3116,3608,5119,8784,13590}","{0,19,-563,-493,-420,198,197,100,-26,-44,-494,-1238,281,-1254,-1209,-537,3043,2000,2546,2965,2099,5199,7629,10612,10281,6769,5402,5748,5401,11876,16864,23124}",true,-2034,13590,1749.59375,3414.34548,13590,-1254,23124,3627.34375,5642.50039,23124
7987623451,14,"{0,-544,-325,56,300,880,611,1027,2363,3060,1244,707,2181,3796,5455,5105,6075,6758,6774,6631,6810,8369,7940,8085,11026,12941,12854,12345,12292,14161,19368,24646,27617}","{0,121,337,416,817,1397,1205,1383,1640,2782,1363,1781,3095,5660,7617,6154,6743,7409,7858,8666,9568,10731,9949,11722,15864,18102,15893,14802,16892,21081,26936,28514,30289}",true,-544,27617,6988.12121,6971.71188,27617,0,30289,8993.54545,8540.78113,30289
7987623182,22,"{0,-361,-448,-547,-69,66,-522,-157,-990,-1391,-2084,-3162,-3443,-2950,-4241,-4821,-5195,-6131,-3508,-3517,-3550,-2521,-5327,-8843,-9671,-10351,-8542,-9035,-10936,-11885,-12686,-13013,-18584,-24058}","{0,101,-199,-150,45,-320,-587,-855,-918,-1362,-1639,-2018,-2659,-2264,-4326,-5414,-4831,-7328,-3833,-4282,-4645,-2747,-5765,-10455,-11775,-10751,-7063,-6183,-9107,-7905,-6547,-8345,-15170,-25049}",false,-24058,66,-5660.97059,5624.84677,-24058,-25049,101,-5127.82353,5191.91905,-25049
7987622109,70,"{0,242,-270,-1532,-2334,1196,2290,470,4416,6494,9336,9974,16196,16120,11782,14524,9852,4100,2290,-4318,-9104,-19622,-9772,-5390,-6294,-5114,-7434,-9320,-12480,-20566,-41634,-31720,-23764,-25514,-34210}","{0,7,-279,-1170,-1620,1926,2241,1627,4201,6233,7519,6975,19888,17683,7351,15934,3807,-7501,-13848,-28205,-35629,-58296,-27652,-26788,-28717,-27617,-30710,-29042,-31594,-51927,-74683,-52736,-40101,-41218,-45152}",false,-41634,16196,-4603.14286,14178.28410,-34210,-74683,19888,-15974.08571,24049.51211,-45152
7987621940,0,"{-1096,-942,-298,-230,-1166,-1012,2094,1530,1252,-148,1300,-2828,-2598,-6453,-3824,-9260,-11068,-11342,-20652,-14700,-12384,-14750,-16404,-30206,-17744,-15892,-17714,-21012,-20878,-12896,-16648,-18510,-16384,-13068,-16270,-18802}","{-200,97,280,-701,-1396,-1782,1312,-548,650,858,3041,-3195,-3267,-7709,-2744,-8075,-5541,-4841,-27176,-2058,4491,-532,-5233,-37942,-19002,-15081,-16885,-19610,-10152,7159,-7667,-15290,-8108,-1663,-9761,-25884}",false,-30206,2094,-10027.86111,8497.63281,-18802,-37942,7159,-6782.08333,9629.94502,-25884
7987620889,0,"{548,154,368,875,1042,128,565,1208,2241,2787,2609,1496,2510,3358,2835,4719,4751,5430,5634,5049,4966,8181,7598,9164,10347,10138,9911,9420,15387,14059,14722,19720,21140,26890}","{100,-228,-78,581,188,-612,-435,266,1084,2209,1357,707,2175,3397,2578,3907,2946,5311,6382,5197,5896,10000,12831,16255,19156,18754,19611,19211,29320,30082,29715,36164,36026,41622}",true,128,26890,6763.23529,6570.90877,26890,-612,41622,10637.50000,12516.54077,41622
7987619811,12,"{0,-1015,-1394,-1069,-1034,-1201,-1609,-1368,-2737,-2450,-1259,-2564,-3017,-2244,-4018,-4676,-6382,-6132,-7182,-9458,-9257,-9680,-11969,-10553,-12630,-16208,-20450,-21737,-20600,-21478,-25906,-33008,-37732,-28834,-30032}","{0,-252,-520,-420,-603,-676,-179,-247,-44,-593,-159,-1877,-2346,-1343,-3173,-3840,-6442,-5277,-7161,-10458,-11754,-12325,-18898,-16653,-20552,-25543,-27575,-31314,-27942,-26120,-35539,-39603,-46248,-31806,-31082}",false,-37732,0,-10596.65714,10588.94995,-30032,-46248,0,-12816.11429,13804.66650,-31082
7987618639,0,"{-620,-710,-699,-898,-25,-404,-1307,-1817,-1563,-2010,-1533,-1721,-2381,-1224,-878,-2022,-2491,-2446,-3236,-3664,-2453,-3925,-3034,-2747,-3152,-1595,-251,-1800,-5728,-4972,-4299,-8276,-8506,-7948,-9153,-14551}","{-169,-279,38,-330,409,-173,-645,-1493,-2450,-2694,-3102,-2985,-2969,-1916,-286,-486,-94,198,-1967,-1905,586,-1096,-2887,-3865,-5110,-1397,-266,-2676,-4412,-5730,-6658,-11958,-15892,-12944,-15154,-23816}",false,-14551,-25,-3167.75000,3052.81545,-14551,-23816,586,-3793.69444,5410.30015,-23816
7987650590,54,"{0,-216,-12,168,-54,1926,2972,8054,7836,8082,12262,18672,20370,26488,18670,22512}","{0,-559,-731,159,1176,2837,4374,8992,11612,13730,20280,27545,30057,36347,13638,24438}",true,-216,26488,9233.12500,9052.31150,22512,-731,36347,12118.43750,11889.28768,24438
7987642472,152,"{250,234,-306,-1382,-3632,-3484,-4066,-4734,-7236,-6408,-5501,-5817,-8911,-12571,-19281,-19959,-32281,-36343,-27599,-28501,-37155,-41073,-47389}","{0,-196,-341,-990,-3446,-3845,-3792,-3935,-7341,-6542,-3639,-5303,-11535,-16699,-33029,-28658,-43271,-45375,-26158,-34831,-58171,-69356,-105708}",false,-47389,250,-15354.13043,14831.40844,-47389,-105708,0,-22267.86957,26631.21291,-105708
7987641896,146,"{0,-1604,-2074,-904,-1572,-1066,-3266,-2406,296,-1382,-1662,-1182,-378,-6824,-9204,-20156,-21686,-25466,-20264,-16042,-10474,-10118,-27178}","{0,147,-540,409,-946,-1958,-4141,-2144,260,-2566,-7655,-2350,1713,-12249,-14739,-40398,-18744,-23654,-18802,-11176,-611,-650,-36592}",false,-27178,296,-8026.60870,8913.32313,-27178,-40398,1713,-8582.00000,11674.95876,-36592
7987636097,121,"{0,160,-207,-1005,-1464,-1776,-1870,-2097,-2976,-3958,-4295,-5130,-3127,-4663,-4134,-3943,-4575,-6876,-7250,-8396,-9655,-13262,-15237,-17061,-19358}","{0,150,-624,-1056,-1383,-1554,-2061,-2621,-4638,-5482,-5141,-6832,-5409,-7702,-7672,-8490,-8523,-10652,-11796,-13777,-15433,-21400,-22280,-22514,-23310}",false,-19358,160,-5686.20000,5282.93366,-19358,-23310,150,-8408.00000,7352.89816,-23310
7987634424,1,"{0,-802,-770,-987,-1568,-2035,-3010,-2618,-2877,-3247,-3689,-4542,-5971,-7856,-9145,-10442,-12190,-13856,-16057,-17544,-17568,-19964,-20291,-23914,-29725,-33641}","{0,-295,-276,-586,-1093,-1485,-2233,-2365,-2855,-3239,-4150,-5364,-6569,-7808,-9632,-10841,-14485,-17909,-21077,-22010,-20953,-23614,-26340,-30993,-33470,-36785}",false,-33641,0,-10165.73077,9391.52876,-33641,-36785,0,-11785.65385,11377.63565,-36785
7987632389,66,"{0,11,-54,516,571,684,30,1190,731,1383,788,557,-29,1439,4618,3054,3226,5091,5438,6282,4451,4055,5831,7529,9743,12447,14859,17070,17085}","{0,149,-138,561,990,1094,121,562,916,1689,1799,2315,1163,2595,5741,4055,4274,6657,7727,8820,6002,5757,7862,10822,17978,19640,23519,22284,24630}",true,-54,17085,4434.34483,5100.95070,17085,-138,24630,6537.37931,7535.49625,24630
7987627630,8,"{0,254,354,-544,-1512,-3940,-3318,-4494,-7224,-7994,-14558,-16566,-21150,-19682,-20872,-21732,-29686,-34412,-36486,-34622,-32136,-35494,-33892,-43624,-40564,-33240,-38792,-35370,-27738,-39640,-54092,-44904,-45494}","{0,-486,-95,-1157,-1447,-3895,-5497,-6770,-9091,-6311,-16660,-21860,-29398,-21119,-23162,-20196,-50665,-41018,-46905,-45904,-27851,-31179,-26028,-30274,-18125,-9509,-33227,-41760,-38294,-47304,-50496,-43717,-41389}",false,-54092,354,-23732.24242,16149.77563,-45494,-50665,0,-23963.30303,16806.36298,-41389
7987622974,116,"{0,-270,-852,-1259,-1941,-1975,-2647,-1976,-2456,-2338,-1715,-1302,-843,-1350,-2302,-2850,-3846,-3245,-5990,-6940,-8453,-9723,-10999,-6293,-5665,-8985,-8493,-9959,-11092,-11436,-11745,-17353,-14715,-15445,-16540,-25002}","{0,-197,-246,-257,-989,-673,-2024,-812,-1201,-1353,-652,-336,421,289,-1562,-3784,-3723,-4118,-6996,-8868,-10914,-11167,-14201,-10072,-7903,-12514,-10803,-14482,-15350,-15726,-15698,-26241,-18042,-20514,-21618,-31983}",false,-25002,0,-6610.97222,5884.02206,-25002,-31983,421,-8175.25000,8377.37313,-31983
7987617430,213,"{0,751,841,1042,704,607,664,291,222,1118,911,1512,730,1129,1450,1622,1312,233,-952,-903,58,-2219,-3109,-3824,-770,702,1050,1364,2732,2994,3354,4514,7871,10043,11418,11447,16368,18675,24024}","{0,-53,5,51,174,-170,-152,-746,-737,-559,-183,-322,-1415,-876,-1110,-502,-1343,-1393,-895,-1666,-133,-3300,-2414,-2053,2958,3554,6402,6848,10506,11944,11456,15215,21390,24702,26874,25572,35599,40835,51019}",true,-3824,24024,3076.30769,5880.15795,24024,-3300,51019,7053.38462,13205.00998,51019
7987655003,135,"{0,192,556,1774,3008,5988,6176,9550,8694,15080,18012,19978,18794,22950,34426}","{0,-1,112,1421,2009,5674,5212,7373,8926,14791,16494,17917,12062,18709,20189}",true,0,34426,11011.86667,9833.39793,34426,-1,20189,8725.86667,7175.46425,20189
7987652201,122,"{0,668,1830,4030,4768,4714,5910,6864,10820,13640,15834,14796,15554,20494,23658,31076}","{0,354,717,2550,3729,2547,2398,2520,6589,6143,8828,9364,9864,20228,19844,22959}",true,0,31076,10916.00000,8662.41237,31076,0,22959,7414.62500,7220.40807,22959
7987650547,1,"{-200,-740,-780,-424,-956,-1576,-3836,-3810,-6218,-9982,-5110,-8378,-9218,-13206,-19596,-26624,-33002}","{-138,263,-64,-146,-1219,-1542,-4723,-5609,-5723,-9305,-2219,-7110,-7609,-10849,-18593,-14741,-25446}",false,-33002,-200,-8450.35294,9380.86278,-33002,-25446,263,-6751.35294,7045.13629,-25446
7987646862,7,"{0,-724,-900,524,2824,3780,4148,6424,8296,9880,12562,12862,16250,18080,21896,32648,34416,27788,27816,31978}","{0,-86,-121,416,2779,3159,4019,6644,9612,13525,16792,16974,21749,20172,24463,44947,41941,23867,27444,42321}",true,-900,34416,13527.40000,11835.20101,31978,-121,44947,16030.85000,14414.15016,42321
7987645231,217,"{4,162,222,518,1204,1010,1319,1548,2017,2110,2748,4030,5829,8171,8617,9206,12532,13491,17945,22913,24812}","{2,88,117,312,925,519,661,496,842,655,1087,1767,2730,3725,4603,7503,12246,13454,17057,19219,20199}",true,4,24812,6686.09524,7438.47409,24812,2,20199,5152.71429,6718.50813,20199
7987643646,83,"{200,-410,326,-404,936,-584,-2276,2082,-104,-124,-2788,1990,-474,-1168,-4760,-9694,-4184,-6278,-19508,-24596,-33806,-45540}","{140,450,808,-366,-79,-462,-34,2342,166,1468,-870,4755,-2980,-3659,-11904,-16984,-4840,-10173,-37052,-50658,-62771,-84313}",false,-45540,2082,-6871.09091,12361.43028,-45540,-84313,4755,-12591.63636,23463.21032,-84313
7987642202,148,"{0,-31,-289,-66,-28,-483,-1850,-2350,-3310,-4918,-5829,-6479,-6249,-6027,-7294,-8433,-11841,-13760,-13202,-16043,-17958,-16822,-20140,-26335}","{0,167,-304,-23,-447,-1044,-2156,-2596,-3954,-5118,-6097,-6899,-5310,-5232,-7001,-7102,-11782,-13872,-12432,-18424,-20698,-20058,-22690,-23428}",false,-26335,0,-7905.70833,7319.75494,-26335,-23428,167,-8187.50000,7651.95650,-23428
7987637076,3,"{0,-708,-496,1192,2086,3194,6276,8706,3874,4480,7374,8082,3498,2612,9230,12262,14432,26360,38148,18062,17498,18720,4480,-11692,-24038,-22714,-28502}","{0,273,430,1150,2141,2805,5956,6112,-813,-251,4754,2719,-4339,-4123,12063,8110,11485,27190,31980,-5028,-4702,-4753,-32676,-55393,-69685,-51239,-53457}",false,-28502,38148,4533.92593,14129.56523,-28502,-69685,31980,-6270.03704,24146.41142,-53457
7987635693,130,"{0,50,29,967,754,226,111,85,384,266,330,658,-503,972,2187,4967,6335,8792,9772,13377,15294,16864,19140,23964,25094,27643,29014,31961}","{0,191,4,612,445,-343,-203,-82,786,111,-256,115,-1472,-207,1233,4043,4955,7931,8971,13082,15322,18325,16862,16130,17000,17756,18810,22396}",true,-503,31961,8526.17857,10531.33545,31961,-1472,22396,6518.46429,7895.85064,22396
7987630727,90,"{0,183,148,-139,-101,651,-15,-67,-275,-812,-764,-455,600,-620,-338,-901,-1229,-3223,-3409,-4060,-5562,-8635,-9841,-11333,-12524,-13401,-15015,-15603,-18573,-23232,-23350,-26985}","{0,237,141,-493,-425,467,-701,-675,-616,-773,-195,425,1369,-194,-214,-854,-1611,-5113,-4038,-6021,-7514,-12896,-10844,-15174,-18479,-18101,-18698,-20709,-24880,-26867,-24693,-28535}",false,-26985,651,-6215.00000,8104.57190,-26985,-28535,1369,-7708.56250,9631.31145,-28535
7987629236,82,"{0,36,115,580,870,1146,1646,982,221,-124,-487,-2297,-3550,-4939,-6185,-6763,-7662,-9720,-12060,-12916,-16186,-18216,-19411,-20610,-21343,-23302,-25625,-29255,-30428,-34611}","{0,-246,-215,89,104,383,593,-237,-290,-539,-654,-1560,-2664,-3702,-5470,-5251,-6221,-8665,-12011,-12193,-15432,-17396,-18453,-16202,-17223,-21028,-22403,-24944,-23948,-27531}",false,-34611,1646,-10003.13333,10994.52481,-34611,-27531,593,-8776.96667,9157.92520,-27531
7987626546,85,"{0,70,671,759,1185,1264,2357,2530,2492,3030,3252,2513,2211,1892,2474,2028,3395,5386,7106,7775,8456,8755,9484,11621,11755,12622,14363,15976,17385,17175,16904,16295,16630,20215}","{0,79,164,123,725,318,1123,811,819,1518,1576,1814,2201,1291,2381,428,2553,4300,5724,6629,6964,7060,7151,8852,7996,10040,13079,14185,16977,16383,14936,13550,16020,16913}",true,0,20215,7353.70588,6291.22011,20215,0,16977,6020.08824,5851.23949,16913
7987626088,0,"{573,869,1248,1432,1797,1907,1959,2256,1741,2348,2197,676,1264,-484,850,-1967,-4569,-6290,-5731,-6420,-9118,-9172,-9548,-9761,-8920,-11610,-11655,-15881,-18326,-20162,-23272,-24219,-27447,-34393,-38581,-37391}","{100,142,450,820,1500,1679,1401,1879,393,1215,2098,319,678,-151,1583,-1314,-3179,-5497,-4755,-4875,-8313,-6855,-8621,-9290,-7373,-10398,-9814,-17759,-20948,-21228,-27530,-27878,-32287,-36393,-45735,-45654}",false,-38581,2348,-8716.66667,11889.94277,-37391,-45735,2098,-9488.61111,13628.10491,-45654
7987625966,10,"{0,-441,-819,-559,-1002,196,-459,-403,-314,-239,-264,-423,-79,-202,-2117,-1432,-1425,-1216,-2252,-2434,-1771,-2837,-1426,-1321,-1377,-2445,-2360,-3198,-9401,-10749,-9311,-9858,-7114,-6976,-9102}","{0,-188,-305,-130,-609,-198,-232,-353,-121,-204,-2078,-3391,-2890,-3532,-5670,-2498,-2202,-1775,-2075,-2600,481,-643,-3569,-1973,-2094,-1222,-2033,-2587,-11012,-8267,-5666,-6090,138,98,-8767}",false,-10749,196,-2718.00000,3269.19773,-9102,-11012,481,-2407.34286,2734.53944,-8767
7987625826,106,"{0,-92,-518,144,-67,484,546,324,4,782,683,221,180,-826,-387,-564,-695,-1928,-992,-1407,506,-1465,-2042,-3958,-4430,-5055,-7001,-10846,-13395,-14149,-13719,-18928,-17552,-23884,-22619}","{0,75,-174,134,327,817,565,1209,893,909,635,264,-531,-1941,-1687,-2238,-2396,-2815,-1961,-2908,1222,-2111,-3122,-3860,-4920,-6963,-9449,-10847,-14029,-15323,-14499,-21364,-19177,-28894,-25977}",false,-23884,782,-4647.00000,7181.13501,-22619,-28894,1222,-5432.45714,8098.62752,-25977
7987622247,0,"{548,676,469,591,614,452,639,700,988,1771,1685,814,546,-478,-534,-437,-747,-253,-1249,-994,110,-1292,708,886,3691,4665,4942,6559,6649,7168,7106,8571,9746,10450,15677,23367,31245}","{100,433,-170,-17,-5,-550,-712,-930,-315,-170,-971,-2070,-2803,-4090,-4834,-1815,-2663,-2510,-3966,-4900,-4839,-7227,-3076,-2080,61,-123,1049,3315,3379,3999,10161,11294,12929,16449,25256,31544,40317}",true,-1292,31245,3947.27027,6849.07646,31245,-7227,40317,2958.10811,10192.33973,40317
7987650285,149,"{0,-974,-1286,-2656,-2146,-3330,-6226,-7532,-10786,-10988,-9332,-10578,-14990,-16821,-22589,-23651,-29949,-40621,-47615,-55031}","{0,-183,-447,-1666,-1735,-2913,-5835,-7158,-10941,-8595,-7566,-4462,-15391,-12747,-22813,-18862,-34890,-53741,-64335,-71333}",false,-55031,0,-15855.05000,15730.75563,-55031,-71333,0,-17280.65000,21220.83652,-71333
7987648649,0,"{-694,-175,-303,280,586,632,1411,2569,2414,2689,3327,5069,7096,7015,6912,8323,10127,13443,15801,20256}","{-99,310,871,1663,1864,2384,2876,3922,4019,4651,5241,7573,9484,9211,9504,11332,14634,20364,22623,24190}",true,-694,20256,5338.90000,5699.20935,20256,-99,24190,7830.85000,7252.34982,24190
7987648589,0,"{-22,-528,-953,-1842,-3150,-3849,-4879,-3554,-5318,-4664,-6148,-6904,-8408,-10319,-10357,-10483,-9508,-12368,-17346,-16769}","{-195,-335,-567,-1030,-2145,-2740,-3902,-3297,-5347,-4809,-5984,-8600,-9081,-9124,-9730,-8884,-8369,-11436,-15664,-15702}",false,-17346,-22,-6868.45000,4886.34761,-16769,-15702,-195,-6347.05000,4623.67602,-15702
7987646707,4,"{0,-1312,-1182,-884,-368,-994,-1262,3482,5548,5956,4308,7170,7180,6958,8210,5148,9496,15700,9918,10600,11116,12578,23516,38496}","{0,-217,-63,43,1003,-396,-1192,2658,2787,4777,2266,8342,7339,6367,6264,360,13204,17147,5007,6203,7188,8554,35151,59849}",true,-1312,38496,7474.08333,8832.36226,38496,-1192,59849,8026.70833,13192.09440,59849
7987642998,81,"{0,396,48,323,763,240,918,2341,2584,1908,1644,2982,3617,5074,6019,7549,6971,6518,8412,8975,10573,12252,12651,15454,19673}","{0,-10,-41,157,274,-89,367,1358,1571,992,737,2227,3170,4507,3819,4495,2843,3822,7868,9240,10384,12170,13645,16333,17865}",true,0,19673,5515.40000,5256.93452,19673,-89,17865,4708.16000,5366.73609,17865
7987642676,77,"{-200,-1574,-2474,-2592,-3568,-1588,-2146,-3480,-2518,-8482,-10082,-12554,-14524,-15722,-13424,-15492,-17256,-14676,-16142,-19096,-19412,-22070,-23450,-32650,-28818,-32848,-40908}","{-140,-437,-1191,-1209,-1536,108,238,-96,1514,-2637,-3850,-8986,-5802,-9899,-8018,-9579,-13252,-6491,-16610,-17820,-12272,-12676,-30248,-47348,-45441,-47745,-60250}",false,-40908,-200,-13990.59259,10851.60259,-40908,-60250,1514,-13395.29630,17004.47528,-60250
7987639023,0,"{-517,-1012,-917,-902,267,-197,393,399,225,-344,-1413,-3275,-2125,-1909,-1501,-341,-619,843,2632,5807,7505,10112,12454,13004,13493,22903}","{-109,-94,138,-13,674,825,1299,1429,2273,734,565,-939,873,1040,1642,1565,2534,4794,6184,9508,12568,15990,13597,13088,12805,18679}",true,-3275,22903,2883.26923,6329.96652,22903,-939,18679,4678.80769,5851.87938,18679
7987636279,9,"{-200,240,-936,-72,-2190,-98,-482,-1496,-1006,1274,4864,4796,5604,6554,10966,18284,22656,26762,28326,32360,36462,37728,37400,39638,43870,50190,35536,32652,32682,35662,36950}","{-140,202,-744,-925,-2010,-718,-1923,-327,992,3188,8798,8273,11810,13043,19047,31668,34544,34053,28034,29100,42428,33246,30601,41155,50483,54311,24639,23437,25139,34078,39915}",true,-2190,50190,18547.61290,17228.67453,36950,-2010,54311,19851.51613,17215.69282,39915
7987659667,0,"{-612,-1286,-1212,-1159,-1380,-775,734,1898,2323,2078,4827,7634,8941,13733}","{-168,-287,-307,-775,-661,-101,1101,2117,2849,3206,6996,10272,10350,14346}",true,-1380,13733,2553.14286,4472.58538,13733,-775,14346,3495.57143,4793.32614,14346
7987656246,123,"{0,-167,3,-682,-1011,-1473,-2127,-1891,-2874,-2695,-4042,-5179,-6499,-7573,-9660,-12330}","{0,-25,78,-327,-359,-859,-1921,-1702,-3407,-3054,-4774,-5307,-6506,-8608,-8009,-6242}",false,-12330,3,-3637.50000,3568.06073,-12330,-8608,78,-3188.87500,2918.54951,-6242
7987654356,0,"{-1008,-1262,-1750,-3544,-5632,-7532,-9046,-11814,-12302,-17470,-19342,-19210,-25496,-28884,-33730,-39308,-49884,-57668,-69480}","{-200,325,-451,-1378,-2163,-4678,-7589,-9942,-12854,-15976,-11727,-12436,-25677,-28324,-41876,-45891,-62824,-64627,-85930}",false,-69480,-1008,-21808.52632,19600.99381,-69480,-85930,325,-22853.57895,24924.15357,-85930
7987650185,57,"{0,-128,1658,2498,1858,-164,-1584,-3692,2184,5012,4670,9588,9036,9468,4316,2964,4322,11590,17204,27182}","{0,-315,1479,2984,2857,977,2017,-1932,5978,7502,9668,20236,21046,23292,6006,2864,10238,25910,30061,59751}",true,-3692,27182,5399.10000,6984.98159,27182,-1932,59751,11530.95000,14566.31635,59751
7987636404,64,"{200,-958,530,-604,1638,3032,3428,3656,3276,3546,6412,6988,5354,4170,9302,6866,5340,8070,15746,23216,20158,16582,12588,8290,11008,9246,-652,10598,14744,4700,-2940,-3914,-5432}","{140,350,1667,776,2834,3342,1832,3834,2863,3176,7030,4580,4838,-343,14781,8586,2829,17393,38394,51120,47696,54932,44859,42441,50859,40489,27353,34464,27806,24640,21671,9637,4434}",false,-5432,23216,6187.39394,6673.34687,-5432,-343,54932,18221.30303,18354.21743,4434
7987636362,59,"{0,-32,501,685,1247,837,822,905,143,450,73,-460,-277,-1777,-2294,-2226,-1960,-3871,-4260,-5014,-6466,-7865,-9599,-12783,-15104,-15089,-14442,-15705,-16128,-15807,-18587,-22316}","{0,188,17,-119,435,101,429,971,-251,42,349,391,766,-1765,-2265,-727,-115,-2522,-3955,-7394,-8469,-11411,-14065,-20301,-21958,-21843,-16430,-22123,-22679,-20644,-24517,-27096}",false,-22316,1247,-5824.96875,7111.61797,-22316,-27096,971,-7717.50000,9663.34874,-27096
7987635762,102,"{0,-359,-55,-537,-737,-673,-917,11,309,-151,1746,1110,1565,2341,2108,3121,3970,5924,6487,8576,9619,10650,13588,15483,16851,16584,18011,21204,25816,29400}","{0,91,-208,-271,-637,-540,-568,53,301,-571,250,-660,-308,302,-229,3122,3054,6028,6883,10449,12146,12871,18272,18256,20465,18898,20166,26857,30378,31942}",true,-917,29400,7034.83333,8572.64809,29400,-660,31942,7893.06667,10283.67676,31942
7987635477,0,"{1289,1799,1693,2555,2895,3111,3689,4167,5763,6809,8102,10056,9621,9851,10160,10331,9672,9793,10588,11933,12655,13070,13271,14687,14664,15040,16913,17557,20320,24576}","{300,500,932,1297,1317,1374,2010,2600,4151,5306,6945,7894,7879,8097,8499,7382,6830,7456,8978,9093,8703,8670,8250,11048,12856,13801,14993,16490,16941,21256}",true,1289,24576,9887.66667,5760.25252,24576,300,21256,7728.26667,5271.49310,21256
7987635300,12,"{0,1560,1006,1374,890,176,-1248,-2086,-1892,-816,-3222,684,2708,1219,-1475,-1915,-5919,-5165,-7167,-13435,-9261,-8321,-8005,-6527,-10515,-8803,-3395,-2359,-7411,-13261,-14075,-15471,-31991,-44051}","{0,612,-212,859,351,-46,-1282,-3359,-1698,321,-3939,1729,4040,4345,3986,3527,-6954,-3323,-5911,-14505,-5096,-1015,-7350,-5981,-8120,-6174,3851,3917,-4920,-1897,-4207,-14822,-41232,-38716}",false,-44051,2708,-6416.73529,9447.14623,-44051,-41232,4345,-4506.50000,10042.11147,-38716
7987633315,5,"{0,551,430,-137,563,1117,1245,1354,1825,1977,1038,-441,-659,-417,-1182,-2850,-2865,-4194,-4268,-6236,-5348,-9653,-8737,-9476,-9970,-12226,-14312,-15220,-18677,-22366,-23374,-24584,-27821}","{0,156,86,-830,-127,138,243,709,2215,1853,1542,-392,-1725,-808,-1030,-2549,-2621,-5076,-5072,-9388,-8131,-15809,-18439,-20790,-21251,-26959,-28444,-30383,-40632,-47921,-49356,-49890,-58248}",false,-27821,1977,-6512.51515,8624.19709,-27821,-58248,2215,-13300.87879,17918.84591,-58248
7987630506,0,"{307,1187,1118,1678,1801,2961,2507,2653,3438,4365,4552,5790,5727,4500,6611,5512,5715,5809,6845,6298,5874,4552,4376,5712,8927,3467,4813,10648,10112,6284,6761,5064,5965,10827,14094}","{94,229,-15,209,482,1542,1133,838,1287,1950,2283,3123,2234,2051,3779,2522,3605,3188,5157,4029,3436,1411,428,2928,9029,168,4550,12716,11956,5189,7992,5562,7939,14719,17100}",true,307,14094,5338.57143,2919.73254,14094,-15,17100,4138.37143,4292.20740,17100
7987657415,203,"{0,996,1602,1878,4584,6200,7490,8512,11192,15190,16896,21046,23354,26824,30328,36050,35154,29292,31828}","{0,222,563,613,3501,4406,6057,8831,12483,15850,19366,21930,22780,32661,38039,45103,43774,28037,36858}",true,0,36050,16232.42105,12278.20720,31828,0,45103,17951.26316,15243.73080,36858
7987654705,5,"{0,-1066,-982,-1728,-1398,-2132,-1510,47,47,647,4845,10115,6103,5343,4465,6283,8541,9061,18253,25903}","{0,-542,-51,-1504,-85,396,1192,3224,345,922,8143,12006,5505,3736,1584,9838,10144,11427,28662,37573}",true,-2132,25903,4541.85000,7113.02760,25903,-1504,37573,6625.75000,9895.00746,37573
7987648809,120,"{0,348,294,808,1728,1753,1251,1626,2203,2094,3888,4987,5692,6381,6567,5400,6749,8148,8149,11657,12574,17834,18198}","{0,83,114,426,948,873,964,994,2016,2420,3067,4603,4652,4889,4827,3464,4722,7871,8334,12570,10517,16432,14415}",true,0,18198,5579.52174,5155.39014,18198,0,16432,4747.86957,4694.05426,14415
7987648550,41,"{0,127,208,127,-1146,401,540,106,145,728,1340,3034,3102,2156,1255,2087,1672,-633,-489,-3066,-5375,-7176,-8936,-13565}","{0,128,185,85,-445,872,875,469,507,794,843,1843,1648,-810,-1181,-440,-653,-2551,-2331,-4671,-5850,-8289,-11452,-10321}",false,-13565,3102,-973.25000,3915.54100,-13565,-11452,1843,-1697.70833,3637.59896,-10321
7987647646,0,"{1106,3534,3224,2988,2868,5162,4286,4876,4362,8456,10094,14268,14760,19796,20876,20354,23112,26186,23788,23960,26314,27238,35456,36032,35746,42596}","{198,582,834,361,-503,1536,1488,1741,55,5369,9101,16715,17382,21810,20926,16941,23640,23716,23409,23994,32447,29839,47174,43444,43800,63319}",true,1106,42596,16978.38462,12267.46881,42596,-503,63319,18050.69231,17164.32861,63319
7987645316,6,"{-250,-380,-1120,-2120,-3864,-3376,-5946,-7522,-8182,-3336,-6484,-1824,-1886,-2390,-6248,-10398,-16444,-16276,-12552,-12326,-14958,-13342,-15176,-18280,-18856,-33754,-36908,-45276}","{2,-32,-591,-1312,-2824,-1530,-4722,-4889,-8346,-4271,-9295,-1357,-3253,-4018,-12969,-15221,-18704,-10210,-3981,-8332,-21026,-11628,-9570,-19805,-22074,-51563,-54020,-70022}",false,-45276,-250,-11409.78571,11143.49848,-45276,-70022,2,-13412.96429,17104.33885,-70022
7987644743,171,"{-100,-381,-311,-831,-1118,-970,-228,-771,-351,149,-588,48,1223,1479,2221,1178,1150,4271,4316,5059,6500,7783,9633,9684,11550,13008,15889}","{-70,55,320,83,38,80,489,-30,1256,1041,676,956,2310,3415,3791,1436,1392,2849,2601,3487,5352,6378,6675,6976,12011,13461,14815}",true,-1118,15889,3314.51852,4814.75257,15889,-70,14815,3401.59259,4136.04540,14815
7987644441,21,"{19,795,1025,1180,1596,2381,3000,3053,3126,4364,5801,5458,6852,8379,10358,11384,11384,10329,10325,11814,13131,15239,19576,20281,23989,30635}","{0,224,486,541,754,1383,2400,3068,3596,4857,5577,6602,7161,8860,10524,11059,10996,9052,9170,12021,14438,16202,21687,20475,27059,31802}",true,19,30635,9056.69231,7693.45430,30635,0,31802,9230.53846,8349.38643,31802
7987640108,3,"{0,246,130,80,205,-22,167,627,473,-36,747,612,427,407,-612,352,-388,-2174,-3280,-747,-2139,-2866,-5305,-4257,-3619,1164,2510,3225,11283,17443}","{0,-26,148,19,10,-196,-1022,-1026,-1178,-2034,-1467,-2626,-2273,-2266,-4109,-4343,-5444,-5740,-7711,-4046,-5429,-6788,-5302,-6138,-5924,1266,2995,4283,13040,15759}",true,-5305,17443,488.43333,4216.47180,17443,-7711,15759,-1252.26667,5092.09523,15759
7987640055,0,"{-976,-1118,-1512,-2374,-2918,-2522,-3924,-3314,-3584,-4350,-4118,-2948,-7392,-14204,-14676,-15484,-10304,-10930,954,5348,15364,22052,22138,16204,14166,14062,15446,15970,13634,19596,32774}","{-200,245,-641,-545,-1523,-719,-1734,-2124,-5418,-3354,-2143,5,-9286,-10861,-8375,-5485,1620,-4339,25452,26749,51630,54342,56349,41598,35366,40877,48506,37185,36558,34305,39167}",true,-15484,32774,3260.00000,12387.67214,32774,-10861,56349,15264.74194,22541.06276,39167
7987632817,0,"{0,196,536,-104,432,1096,909,521,487,2012,3051,3356,5033,3381,2768,3088,4436,6966,5906,6988,9496,8535,9709,10662,12560,14953,16307,24928,28500}","{0,179,477,-478,275,1447,1960,1157,1883,3159,3513,2547,4948,4623,3641,3936,5365,10032,7790,8065,11831,10937,10053,10531,12278,17558,17316,26992,27606}",true,-104,28500,6438.20690,7151.97697,28500,-478,27606,7228.31034,7371.50368,27606
7987632695,84,"{0,524,880,1282,2231,1870,2893,2343,1299,2319,1125,-9,-1237,-1508,-3117,-3291,-3350,-5515,-7392,-9159,-8897,-9097,-9618,-9822,-9494,-2842,-80,-1374,-2056,-1430,-764,-933,5233,10240,9989,11160}","{0,329,361,430,1116,816,2174,1656,279,1459,-248,-2021,-2540,-2485,-5208,-4613,-3961,-6177,-9672,-11359,-9747,-9402,-6077,-5898,-5249,6370,5204,3997,3555,2792,6280,6371,15634,18596,18733,19797}",true,-9822,11160,-1044.36111,5306.96578,11160,-11359,19797,869.22222,7685.21451,19797
7987632413,98,"{0,165,585,-24,464,615,965,1835,2067,2689,3592,4570,5178,4258,5241,6254,7656,7957,8209,10946,11523,13649,14182,14372,15179,19757,23163}","{0,123,735,-85,203,790,1382,1978,2112,1793,2555,2808,3201,2645,3810,3233,5929,6054,6103,10611,11130,14155,18822,18149,18368,18020,19505}",true,-24,23163,6853.59259,6344.99904,23163,-85,19505,6449.22222,6723.20559,19505
7987631613,55,"{250,-475,-285,-1155,-456,-1086,-1217,-787,486,-853,-27,1742,2238,4280,5845,7759,10125,11624,12084,14772,16609,17070,19608,24474}","{1,-271,95,-772,-251,-690,-827,-1126,-910,-1684,-1443,721,1167,2050,4465,8115,8481,11387,12203,15669,19139,20262,25934,27599}",true,-1217,24474,5942.70833,7724.06089,24474,-1684,27599,6221.41667,9080.64254,27599
7987631300,87,"{0,199,937,806,816,1264,1770,1854,2928,2895,3531,4978,5770,8391,9432,10356,10966,10750,12796,13183,13788,14194,18956,20133,20778}","{0,338,363,360,397,776,1110,999,1735,2203,2961,4998,5024,6655,7067,6219,6243,7534,9713,10573,12150,12363,11567,10832,12615}",true,0,20778,7658.84000,6509.63982,20778,0,12615,5391.80000,4422.37917,12615
7987630814,141,"{0,-464,-742,-272,281,557,374,183,-506,795,1451,1732,2647,3714,3092,4083,4840,6641,8207,7033,7449,8376,10003,8866,10672,13720,14965,16716,18230,15997,14410,14669,15736,16368,16679,21773,25856,27599}","{0,259,-179,144,26,244,495,1113,3,865,1144,843,1657,1732,1062,2250,2926,4532,5755,3490,4062,5559,5282,5984,9192,12644,15912,18526,20692,18667,18371,17719,19882,21641,21337,29150,31362,34870}",true,-742,27599,8466.57895,7836.69849,27599,-179,34870,8926.65789,10014.18575,34870
7987630635,86,"{0,60,482,624,815,451,586,605,423,1160,1814,3738,4813,5262,7129,5927,6605,6931,7119,7955,7186,8630,8933,10145,11553,10181,11049,12714,13488,13395,14540,18449,20812,20967,23250,24506,32240}","{0,-22,586,434,458,-366,-424,-952,-1185,-890,-1,1605,2176,3924,5566,6645,7639,7827,7866,10623,9038,11587,11606,13448,16810,15872,19074,21215,21806,22702,24474,34470,39685,44359,48163,50518,64555}",true,0,32240,8771.27027,7906.40289,32240,-1185,64555,14078.13514,16686.94355,64555
7987630441,0,"{-573,-582,-447,-259,-449,-697,-1254,-624,-891,-1236,-2018,-2180,-3167,-3510,-3391,-1774,-5612,-6653,-7066,-7179,-6372,-6519,-7214,-7832,-7491,-5394,-4464,-6608,-5356,-8545,-8821,-14154,-15901,-15823,-14840,-16143,-19474}","{-100,-248,-173,-333,64,-451,-860,-757,-889,-1304,-1222,-1381,-2449,-2590,-2270,-2745,-7561,-7284,-7322,-6795,-6590,-6972,-8130,-7629,-5861,-2055,-1299,-5867,-3974,-6874,-3760,-8752,-11709,-12315,-9992,-15553,-22736}",false,-19474,-259,-5959.81081,5206.89640,-19474,-22736,64,-5046.97297,4912.16008,-22736
7987629818,11,"{-100,197,427,713,1186,1923,2094,1860,2388,2860,2958,4406,4011,2469,3001,3556,5380,6357,7531,8820,11885,14286,16230,18842,21147,23824,24541,28920}","{-70,317,168,14,466,875,936,549,1329,910,1181,2205,1075,-306,-133,997,2829,3976,5202,5155,9750,10701,13924,17621,20421,20521,21347,25980}",true,-100,28920,7918.28571,8377.34238,28920,-306,25980,5997.85714,7942.44362,25980
7987628112,0,"{-573,-1127,-1418,-1466,-1275,-1347,-2119,-2096,-2716,-2022,-3607,-2624,-3601,-3253,-3430,-1883,98,-71,531,-930,-458,1777,5262,6911,6799,12110,15769,18112,21827,28176}","{-100,25,95,-82,-220,-83,-396,-456,-813,-143,-1397,-826,-984,-604,-34,1692,3975,3720,6203,3296,3696,7748,12384,14225,12646,26072,33321,35588,41410,50051}",true,-3607,28176,2711.86667,8139.50196,28176,-1397,50051,8333.63333,13987.15758,50051
7987628092,227,"{0,270,560,302,757,45,-313,-334,-2899,-2888,-2415,-3931,-6087,-6748,-7992,-7912,-6670,-4332,-3611,-5142,-5644,-8353,-7804,-2704,-2835,-3359,-3649,-5152,-5961,-5455,-5584,-6624,-8444,-7438,-8740,-10260,-12278,-15769,-20852,-29865}","{0,-111,64,-39,442,-321,-375,201,-1079,-1262,-421,-1895,-4029,-4190,-6493,-7754,-7939,-4455,-3151,-5806,-7195,-11051,-12891,-6090,-6929,-7099,-8608,-9207,-9846,-8240,-10969,-12146,-16513,-11670,-12147,-15550,-16594,-24202,-27962,-42310}",false,-29865,757,-5902.75000,5833.46154,-29865,-42310,442,-8145.80000,8535.06125,-42310
7987627918,77,"{0,34,-563,-135,-401,-682,-350,-1835,-2090,-2412,-3122,-4156,-4790,-5736,-6084,-6442,-6846,-6356,-7926,-8693,-9358,-11097,-13359,-13862,-15161,-17402,-15857,-14245,-15094,-16128,-15712,-12924}","{0,142,-368,25,-159,-634,-558,-1514,-3245,-3539,-4089,-5089,-5090,-5163,-4390,-7415,-9450,-8994,-11360,-10445,-12145,-14604,-19967,-21247,-22067,-20763,-16895,-15582,-15710,-17229,-17956,-15001}",false,-17402,34,-7462.00000,5836.54619,-12924,-22067,142,-9078.15625,7320.95859,-15001
7987626926,53,"{0,75,77,-27,162,696,269,131,-552,-168,-988,-66,317,974,550,444,-1340,681,1832,1377,1583,1614,625,1077,1125,1160,2399,576,-925,2377,2133,614,3443,3783,3590,2548,2506,2701,6383,12521}","{0,184,276,-115,-508,-139,108,446,17,992,941,2235,2932,3975,3368,4569,1159,3734,4916,4868,4982,4008,2827,3192,1098,1681,1516,-1531,-2916,-1084,-1936,-3344,1439,283,-2457,-4911,-5833,-4256,1074,8830}",true,-1340,12521,1406.92500,2319.69976,12521,-5833,8830,915.50000,2956.47725,8830
7987626900,101,"{0,-71,-268,176,-1012,-384,-379,735,1414,1817,3398,3817,4017,7194,8124,8427,6225,5800,4418,3844,-48,283,2764,1357,1320,-1352,-4115}","{0,-92,-235,241,-386,100,533,820,1818,2964,3070,3695,3318,5482,5338,5302,3369,2878,773,-790,-6262,-5329,-3937,-6640,-5895,-9993,-14716}",false,-4115,8427,2129.66667,3058.55512,-4115,-14716,5482,-539.77778,4812.91716,-14716
7987626703,110,"{0,40,428,-107,-228,-702,-376,-1937,-1444,-906,-960,-1624,-1428,-2066,-1569,-138,-641,-582,-1881,-2240,-4206,-5899,-5181,-6701,-10140,-12694,-15828,-16886,-22156,-25923,-20930,-22165,-23684,-23750}","{0,4,355,-78,253,-63,-41,-468,109,219,535,-124,-22,-287,116,1251,1448,1314,1568,1423,-1899,-4631,-3873,-5640,-12205,-15698,-19186,-19123,-25870,-27811,-18087,-19263,-23708,-23442}",false,-25923,428,-6897.17647,8665.12434,-23750,-27811,1568,-6262.47059,9596.06408,-23442
7987663874,8,"{0,742,968,2388,2692,1456,2034,-466,2382,5894,10392,12688,11752,12460,9163,15991,7659}","{0,577,280,868,484,-906,-1064,-3818,970,4803,14209,19212,19479,19631,23359,36468,34992}",true,-466,15991,5776.17647,5172.35751,7659,-3818,36468,9973.17647,12803.60413,34992
7987661289,98,"{0,80,1486,2234,3910,8250,9408,12446,14640,16858,22502,23240,27236,31226,36812,39378,41636,44976}","{0,252,592,1952,3428,8218,9825,11305,15782,17947,25079,23843,25751,29361,28821,27411,29350,36651}",true,0,44976,18684.33333,14858.70705,44976,0,36651,16420.44444,11867.34903,36651
7987659688,169,"{0,1072,1086,864,434,276,1584,762,2292,7366,10910,19016,25086,26870,33204,37880,45692,64326,78562}","{0,242,-349,-570,59,-107,1468,1101,4682,10941,15660,27638,30174,25062,30073,45231,56622,84528,106593}",true,0,78562,18804.31579,23072.44726,78562,-570,106593,23107.78947,30097.28441,106593
7987656597,5,"{0,998,1372,1934,3750,6790,5626,6484,8312,6218,4002,6096,3534,9682,12394,14156,19090,28030,44514,42776,33806,36688}","{0,509,432,381,2567,6753,4690,5240,8040,3428,1096,3173,-5160,4178,5352,17160,13113,33597,47997,49021,33327,53022}",true,0,44514,13466.00000,13854.04492,36688,-5160,53022,13087.09091,17475.44765,53022
7987656132,198,"{0,-822,-412,-542,586,1102,1778,-1230,362,-131,1465,-3149,591,-105,1265,3787,9623,15087,18731,22637,34351,39933}","{0,-126,-101,-240,753,2231,3441,2907,4036,3564,6281,4052,8317,7849,9871,12227,21748,26103,33825,30301,51473,57880}",true,-3149,39933,6586.68182,11754.23893,39933,-240,57880,13017.81818,16482.06212,57880
7987655221,55,"{0,1160,1830,1396,1846,2466,6358,10194,12822,14150,11776,15798,20548,30096,32994,40998,31028,26628,31380,41580,56592,62188}","{0,437,1158,810,1370,1951,5519,9702,9948,11177,8885,22735,18538,30950,33203,48127,23637,12336,21271,38125,73926,90710}",true,0,62188,20628.54545,17970.12541,62188,0,90710,21114.31818,23524.33369,90710
7987650647,33,"{0,1094,1222,686,3132,4532,7032,5410,4816,7148,8426,7290,2826,7748,5546,8460,14292,13302,9344,13480,18002,29242,33476}","{0,171,499,67,1924,3158,5192,3886,2336,3069,8608,6899,3154,11465,8086,12384,21880,5673,-108,26744,37177,59122,73863}",true,0,33476,8978.52174,8280.19864,33476,-108,73863,12836.91304,19021.83347,73863
7987647701,230,"{0,132,454,-300,-2136,-3754,-6060,-9222,-11104,-9580,-13800,-15812,-17944,-19130,-23422,-28434,-21236,-22072,-23552,-25412,-21416,-10310,-8498,-4770,-4888,13086,11962,15258}","{0,113,586,460,-657,-1987,-3362,-5702,-6557,-6715,-15077,-15877,-20391,-22650,-29311,-36775,-23908,-22181,-19732,-31099,-17741,16034,6384,21560,28331,43967,23916,32610}",true,-28434,15258,-9355.71429,11588.20967,15258,-36775,43967,-3777.17857,20022.98363,32610
7987647153,30,"{0,-269,-198,-947,-584,343,739,1542,1009,2138,1493,3568,3059,2915,3319,2883,7041,7308,7523,9941,12231,13927,16304,19242,23357,28680}","{0,534,42,-605,-518,284,741,1527,854,1983,1119,2355,1092,1417,1835,1581,5636,6136,6720,12247,15282,18105,20771,23151,27449,32591}",true,-947,28680,6406.30769,7847.55905,28680,-605,32591,7012.65385,9516.61821,32591
7987646071,148,"{0,-251,79,-228,-658,-103,54,100,1414,747,132,-1039,-1472,-2112,-2422,-2205,-1068,-571,1167,1601,3226,5064,6656,11469,16703,18995,21237,21451}","{0,29,394,354,351,176,124,433,1790,1658,2249,587,-25,-749,-360,-1006,1208,1390,2321,2071,4496,4469,9742,14651,18042,20030,24963,26138}",true,-2422,21451,3498.78571,7188.94113,21451,-1006,26138,4840.21429,7913.81097,26138
7987641119,13,"{0,-197,-661,-757,-848,-411,-843,-935,-1490,-1870,-1108,-2183,-2177,-2722,-1648,-1615,-1299,-2072,-3221,-5585,-5749,-8018,-9486,-10396,-12517,-15649,-20382,-19341,-22628}","{0,-127,-362,-198,-235,-659,-1147,-1099,-2085,-2409,-1001,-2259,-3101,-3552,-1899,-1463,-1500,-3270,-5651,-9094,-8815,-11972,-14862,-17772,-21125,-23781,-29867,-24966,-30044}",false,-22628,0,-5372.68966,6543.32408,-22628,-30044,0,-7735.00000,9518.53686,-30044
7987639450,0,"{400,817,756,1056,1395,1288,399,-37,40,-34,-301,-622,-1084,-1114,-2369,-2788,-2795,-4408,-4562,-3415,-5550,-6618,-8819,-11053,-12361,-11918,-7622,-7208,-7852,-7069,-8206,-12821}","{100,335,189,595,417,830,-503,-1077,-774,-785,-25,-711,-648,-1104,-3679,-4558,-4918,-7220,-7514,-4804,-7985,-10374,-15328,-18403,-21880,-17359,-9799,-11156,-11677,-5970,-13612,-22713}",false,-12821,1395,-3889.84375,4404.74774,-12821,-22713,830,-6315.93750,6933.84393,-22713
7987639258,63,"{0,-210,404,1012,4418,4090,2544,2886,438,-414,618,6726,1488,-5076,-1870,5408,10864,11394,12052,6884,8146,12564,14458,16296,13616,9922,7204,6844,3914,14150,24778,28044,33360}","{0,-579,-130,-216,3991,3312,3445,4675,-1238,212,2942,12372,-2783,-15024,-1168,19479,31126,25340,30611,14843,26777,31811,46572,56777,54792,50014,52323,58377,52001,51247,50163,47571,41565}",true,-5076,33360,7786.42424,8543.95117,33360,-15024,58377,22763.63636,22773.47172,41565
7987639022,44,"{0,348,9,-272,-54,-950,-1071,-1886,-1572,-1869,-2870,-3407,-2692,-2881,-3483,-4377,-5883,-6892,-7868,-9155,-10528,-9756,-9051,-7855,-10173,-11438,-14549,-14689,-15595,-16281,-12922,-15255}","{0,137,-306,-669,-255,-1123,-787,-2055,-1374,-1550,-2352,-2424,-1743,-932,-1521,-2759,-4555,-6233,-6600,-8278,-8594,-8478,-10805,-9939,-12876,-15111,-16174,-14460,-14709,-18387,-14855,-21050}",false,-16281,348,-6403.65625,5342.71311,-15255,-21050,137,-6588.03125,6283.34105,-21050
7987638269,131,"{-250,-329,-377,135,115,917,2221,3043,2319,3118,3039,4698,5336,5638,4901,7165,8939,9087,9367,12035,8534,9317,8650,8287,7480,6314,3712,3799,3698,2911,7034}","{0,127,177,67,265,260,1290,1335,1036,1194,1633,2861,4764,4677,3976,7168,8569,8282,8979,11375,4613,6645,7125,8236,7882,6574,4260,4823,4600,2612,14212}",true,-377,12035,4866.22581,3394.32569,7034,0,14212,4503.77419,3648.78992,14212
7987637331,188,"{0,206,98,171,160,58,574,416,-178,-1268,-1475,-506,5,1296,1034,-371,-779,-1722,-3172,-3192,-3162,-2846,-912,-1417,-1531,-843,-5357,-7038,-11114,-13501,-15341,-16979,-19027,-23013}","{0,-54,-358,-127,-407,-285,447,1081,1961,1073,885,1907,2741,4281,3251,2470,1976,1466,905,1328,1461,2302,2215,-1415,-2603,-1728,-12419,-13258,-20884,-23125,-23676,-25797,-27252,-33593}",false,-23013,1296,-3844.88235,6306.03254,-23013,-33593,4281,-4565.61765,10538.18879,-33593
7987633700,115,"{150,831,1197,1300,1349,1371,509,372,2183,2510,1917,3054,4411,5047,4936,5708,5995,5893,6262,5335,1338,1289,2046,1573,2187,4042,4487,2933,1129,1098,1671,-2390,-8274,-11822,-14339,-22578}","{-70,67,42,130,312,95,-865,-1073,455,1528,991,1901,2463,3225,3596,2083,798,941,88,-579,-5048,-5520,-4516,-6374,-3949,-1937,-959,-4016,-5177,-10335,-9481,-16983,-19765,-20928,-25057,-35750}",false,-22578,6262,686.66667,5892.05575,-22578,-35750,3596,-4435.19444,8718.54115,-35750
7987631266,34,"{0,-89,-175,-472,-603,-822,-1215,-1683,-1146,-919,-165,-937,-1299,-947,-893,-2951,-4092,-4630,-5555,-7588,-6774,-4586,-5509,-7739,-9489,-14922,-16447,-18297,-19939,-20045,-20420,-16636,-18777,-19446,-20554,-18949,-21079,-21743}","{0,-44,-120,56,236,427,-721,-1513,-990,-1080,-970,-1816,-985,-396,150,-3814,-3204,-4602,-5976,-7877,-7087,-2428,-6317,-7432,-11852,-21807,-23031,-25245,-26324,-23967,-23502,-15910,-20488,-21451,-22065,-18749,-19231,-18138}",false,-21743,0,-8356.10526,8097.48950,-21743,-26324,427,-9164.81579,9441.71976,-18138
7987630764,0,"{0,-1002,-848,-1171,-1088,-1229,-1685,-1884,-1668,-1560,-969,-1006,-1396,-777,-1277,-2748,-5715,-5238,-3536,-2011,-2024,-673,-2020,-2755,-364,452,910,308,-2277,-4572,-4006,-3644,-2855,3707,9728,10903,10089,11297,14034}","{0,5,-294,-545,-904,-736,-1336,-2115,-1646,-2362,-1649,-2302,-3059,-2453,-3808,-6090,-8272,-7221,-5849,-4047,-2725,101,-1855,1175,4505,5826,6779,5700,4290,-1900,-1068,-309,686,12609,17539,16696,13303,18923,24015}",true,-5715,14034,-14.61538,4647.51299,14034,-8272,24015,1784.79487,7448.94547,24015
7987661863,5,"{0,-724,-902,-958,-2448,-2380,-5882,-7856,-6060,-7480,-8164,-5954,-10134,-12282,-12370,-19377,-26127,-31799,-38613}","{0,75,-699,-1048,-2502,-2087,-6180,-9052,-5413,-5803,-4357,-2735,-7429,-4388,-2527,-26145,-34116,-50635,-54295}",false,-38613,0,-10500.52632,10703.74534,-38613,-54295,75,-11544.00000,16431.52701,-54295
7987661280,116,"{-200,-1236,-2208,-3966,-3270,-2906,-2598,-1948,-3596,2029,5991,7664,6696,10996,14210,22668,23278,30638,28862,35598,45742}","{-140,-449,-896,-1872,-1237,-1875,-2216,-2569,-3061,4113,11123,12197,10561,21640,27438,37126,32524,49099,52102,50548,75590}",true,-3966,45742,10116.38095,14750.29145,45742,-3061,75590,17606.95238,22858.62977,75590
7987659621,87,"{0,-484,-630,-624,-1804,-2000,-2286,-4548,-7130,-2552,-1036,-2290,-3238,-5832,-4754,-12604,-14496,-14944,-16926,-15562,-6904,4364}","{0,404,-102,793,-848,-591,-768,-3882,-5700,-1329,-1147,-3890,-5846,-10054,-5966,-18848,-22269,-13976,-16617,-7127,21898,44149}",true,-16926,4364,-5285.45455,5792.03912,4364,-22269,44149,-2350.72727,13347.75363,44149
7987653526,0,"{526,-435,-192,-199,-388,131,-706,180,313,1785,2434,3898,4511,5420,6447,5812,6313,8649,9225,12330,14904,14852,16981,17204}","{102,60,261,617,636,614,-161,875,1250,2574,3518,5689,4848,7097,8578,7970,8842,10351,9743,12138,12663,12563,14148,12781}",true,-706,17204,5416.45833,5864.55393,17204,-161,14148,5739.87500,4935.04505,12781
7987651770,215,"{0,-964,-496,-578,-62,-710,-1388,-1706,-3648,-4370,-8368,-6508,-5796,-3968,-5368,-5926,-2878,-412,-6034,-5770,-7614,-19488,-23938,-27680,-29712,-40862,-49998,-62908}","{0,346,510,150,872,-121,1648,2076,-1129,195,-6296,-1513,-7114,-2451,-6719,-8035,575,8052,-9312,-7635,-14726,-51206,-60726,-83124,-85185,-108725,-113261,-110359}",false,-62908,0,-11683.92857,16154.77975,-62908,-113261,8052,-23686.17857,38840.28019,-110359
7987651492,113,"{0,60,653,813,1240,1550,1815,1888,2270,3218,3232,3824,3397,3399,3233,4300,4715,5692,5055,4822,5417,6743,8042,8020,8999,10113,13760}","{0,141,465,268,734,981,764,1169,1746,3470,2926,2952,2774,2409,1695,1527,1417,5339,5348,6164,7380,9106,10744,9978,9162,10082,9033}",true,0,13760,4306.29630,3241.18388,13760,0,10744,3991.62963,3555.40404,9033
7987649467,9,"{0,101,179,-665,-1017,-1713,-1524,-579,-1391,-1925,-3228,-4255,-5174,-3282,-3843,-4594,-5237,-8314,-9160,-4963,-7535,-9855,-10972,-13732,-16646,-22072,-23551}","{0,-70,133,-216,-531,-1021,-926,-1250,-1770,-2408,-3882,-5497,-5959,-3301,-4495,-4434,-5728,-10844,-11881,-7933,-11914,-13200,-16878,-20701,-21795,-23795,-24061}",false,-23551,179,-6109.14815,6364.99040,-23551,-24061,133,-7568.77778,7702.33559,-24061
7987649289,0,"{-516,-220,-569,-859,-1197,-279,-439,-597,-96,530,767,645,997,1499,2574,2586,1974,4130,4021,3143,3218,5627,7408,7217,9271,9894,11858}","{-100,80,-99,-285,-1062,-107,-123,-629,484,1037,1498,1763,2488,2486,3929,5251,4540,6749,6201,5644,5604,9655,10663,9246,13953,13573,15831}",true,-1197,11858,2688.40741,3582.76985,11858,-1062,15831,4380.37037,4851.29241,15831
7987637755,47,"{0,-910,-1184,-1000,-1744,-1456,-1852,-1330,-1292,-1366,-2165,-727,-539,895,1234,1875,2054,1881,4274,3630,4232,5188,7127,8441,8549,10080,9203,10533,11206,12292,11552,11764,12971,17788,22757,28127}","{0,-199,-81,-158,-1335,-1122,-1262,-675,-391,437,-58,813,909,2874,3118,2745,3581,3345,6177,4598,5425,7274,8674,9687,10174,12812,9419,11391,11768,16157,19488,22051,24150,33832,37421,46468}",true,-2165,28127,5335.77778,7306.98152,28127,-1335,46468,8597.41667,11481.14987,46468
7987636179,0,"{-504,-1132,-1304,-1568,-2065,-2059,-1975,-1135,-1831,-1541,-352,-385,500,1000,1723,1685,2745,1658,1495,-801,-1450,-2610,-3614,-3329,-5532,-8021,-10553,-11905,-7578,-5817,-7476,-9580,-12183,-12028,-16805,-14076,-11263}","{-100,106,-202,-441,-528,-464,-439,499,-491,-61,673,649,874,907,117,2110,2006,829,762,-3080,-3611,-5840,-6333,-3129,-7109,-12163,-15611,-16174,-7451,-6949,-8631,-11787,-13228,-18122,-21229,-15672,-14737}",false,-16805,2745,-4045.02703,5095.62581,-11263,-21229,2110,-4974.32432,6662.76379,-14737
